UniqueItems,Chemical Formula,SMILES
OZENOXACIN,,
IOFLUPANE I-123,,
CLINDAMYCIN HYDROCHLORIDE,,
DIPHENHYDRAMINE CITRATE,,
CALCIUM GLUCEPTATE,,
XYLOSE,,
RASAGILINE MESYLATE,,
HEPARIN CALCIUM,,
ENFUVIRTIDE,,
TYLOXAPOL,,
PREDNISOLONE,,
BUTABARBITAL SODIUM,,
METHYLPHENIDATE,,
TOFERSEN,,
OXANDROLONE,,
THIOTHIXENE,,
INDOMETHACIN SODIUM,,
PRETOMANID,,
CARVEDILOL PHOSPHATE,,
ALOSETRON HYDROCHLORIDE,,
CEFOTAXIME SODIUM,,
DOLUTEGRAVIR LAMIVUDINE TENOFOVIR ALAFENAMIDE,,
MAGNESIUM OXIDE,,
CHYMOPAPAIN,,
ACALABRUTINIB,,
PRALIDOXIME CHLORIDE,,
INDIUM IN-111 OXYQUINOLINE,,
HYDROXYPROPYL CELLULOSE,,
SAFFLOWER OIL,,
LOSARTAN POTASSIUM,,
PAMIDRONATE DISODIUM,,
RETEPLASE,,
CLIDINIUM BROMIDE,,
ACRIVASTINE,,
RANOLAZINE,,
CERIVASTATIN SODIUM,,
IODOHIPPURATE SODIUM I-123,,
AMMONIUM CHLORIDE,,
DECITABINE,,
DECAMETHONIUM BROMIDE,,
SILTUXIMAB,,
TRANYLCYPROMINE SULFATE,,
IOXAGLATE SODIUM,,
ARTEMETHER,,
MOLINDONE HYDROCHLORIDE,,
AZELASTINE HYDROCHRLORIDE,,
BENZYL ALCOHOL,,
LACTULOSE,,
DULAGLUTIDE,,
TECHNETIUM TC-99M MERTIATIDE KIT,,
NITROFURANTOIN,,
TIOPRONIN,,
TOLTERODINE TARTRATE,,
TRICHLORMETHIAZIDE,,
CASPOFUNGIN ACETATE,,
PLICAMYCIN,,
NIACIN,,
CEFACLOR,,
APIXABAN,,
TRANEXAMIC ACID,,
DIBUCAINE HYDROCHLORIDE,,
MYCOPHENOLATE MOFETIL HYDROCHLORIDE,,
HELIUM,,
BENZHYDROCODONE HYDROCHLORIDE,,
ACETAZOLAMIDE SODIUM,,
BAZEDOXIFENE ACETATE,,
OXACILLIN SODIUM,,
HYDROXYAMPHETAMINE HYDROBROMIDE,,
PENTETATE ZINC TRISODIUM,,
L-GLUTAMINE,,
HOMATROPINE METHYLBROMIDE,,
PARICALCITOL,,
SODIUM CHLORIDE,,
BEVACIZUMAB,,
BRIMONIDINE TARTRATE,,
DESOXYCORTICOSTERONE PIVALATE,,
CHLORPROPAMIDE,,
DAPRODUSTAT,,
POTASSIUM IODIDE,,
EPCORITAMAB-BYSP,,
GILTERITINIB FUMARATE,,
SITAGLIPTIN,,
LEVORPHANOL TARTRATE,,
SODIUM IODIDE I-123,,
ENTACAPONE,,
CEFONICID SODIUM,,
ANILERIDINE PHOSPHATE,,
HYDROCORTISONE CYPIONATE,,
DYCLONINE HYDROCHLORIDE,,
BISOPROLOL FUMARATE,,
ALFUZOSIN HYDROCHLORIDE,,
VERTEPORFIN,,
IBRUTINIB,,
EPINASTINE HYDROCHLORIDE,,
TECHNETIUM TC-99M PYROPHOSPHATE KIT,,
PENCICLOVIR,,
PLERIXAFOR,,
VALGANCICLOVIR HYDROCHLORIDE,,
"POTASSIUM PHOSPHATE, DIBASIC",,
PALIFERMIN,,
PAROXETINE HYDROCHLORIDE,,
TOLAZAMIDE,,
ULIPRISTAL ACETATE,,
PRASTERONE,,
NITAZOXANIDE,,
LACOSAMIDE,,
LANREOTIDE ACETATE,,
DIGOXIN,,
PALIPERIDONE,,
CLOBETASOL PROPIONATE,,
BUROSUMAB-TWZA,,
TIZANIDINE HYDROCHLORIDE,,
SIBUTRAMINE HYDROCHLORIDE,,
INDIGOTINDISULFONATE SODIUM,,
DAXIBOTULINUMTOXINA-LANM,,
MEDROXYPROGESTERONE ACETATE,,
PROTIRELIN,,
PALIPERIDONE PALMITATE,,
NICOTINE,,
TERAZOSIN HYDROCHLORIDE,,
TARTARIC ACID,,
INDECAINIDE HYDROCHLORIDE,,
ZIDOVUDINE,,
SAMARIUM SM-153 LEXIDRONAM PENTASODIUM,,
PHENYL AMINOSALICYLATE,,
INSULIN GLARGINE,,
CEFOPERAZONE SODIUM,,
SITAGLIPTIN PHOSPHATE,,
ARFORMOTEROL TARTRATE,,
ENTRECTINIB,,
PRALATREXATE,,
QUAZEPAM,,
TECHNETIUM TC-99M PYRO/TRIMETA PHOSPHATES KIT,,
BUPRENORPHINE,,
AFAMELANOTIDE,,
CENOBAMATE,,
FLORBETABEN F-18,,
ALATROFLOXACIN MESYLATE,,
THYROTROPIN ALFA,,
BUPRENORPHINE HYDROCHLORIDE,,
NOVOBIOCIN SODIUM,,
SULFAMETHAZINE),,
brolucizumab-dbll,,
CAPMATINIB HYDROCHLORIDE,,
OBETICHOLIC ACID,,
CLASCOTERONE,,
"GONADOTROPIN, CHORIONIC",,
STIRIPENTOL,,
LURBINECTEDIN,,
METHYLDOPA,,
ELTROMBOPAG CHOLINE,,
OMEPRAZOLE MAGNESIUM,,
PIPERACETAZINE,,
Botulinum Toxin Type B,,
GALLIUM NITRATE,,
PERFLUBRON,,
TRAZODONE HYDROCHLORIDE,,
CEFTIBUTEN DIHYDRATE,,
PACLITAXEL,,
MANGANESE CHLORIDE,,
ACETOHEXAMIDE,,
INVERT SUGAR,,
CUPRIC CHLORIDE,,
NICLOSAMIDE,,
METARAMINOL BITARTRATE,,
UNDECOYLIUM CHLORIDE IODINE COMPLEX,,
PLAZOMICIN SULFATE,,
TICLOPIDINE HYDROCHLORIDE,,
CHOLIC ACID,,
NORETHINDRONE ACETATE,,
PENICILLIN V,,
HYDROXOCOBALAMIN,,
DARBEPOETIN ALFA,,
RISDIPLAM,,
TAPINAROF,,
Tofacitinib,,
CHLOROTRIANISENE,,
IXEKIZUMAB,,
NORETHYNODREL,,
LEUPROLIDE ACETATE,,
CROMOLYN SODIUM,,
MENTHOL,,
CYPROHEPTADINE HYDROCHLORIDE,,
PONESIMOD,,
REPAGLINIDE,,
CHOLINE C-11,,
ELBASVIR,,
CHLORZOXAZONE,,
PRAMIPEXOLE DIHYDROCHLORIDE,,
VILAZODONE HYDROCHLORIDE,,
FURAZOLIDONE,,
RETIFANLIMAB-DLWR,,
DILTIAZEM HYDROCHLORIDE,,
PROPYLIODONE,,
VENLAFAXINE HYDROCHLORIDE,,
LANDELUMAB-FLYO,,
abobotulinumtoxinA,,
ECAMSULE,,
VINORELBINE TARTRATE,,
INAMRINONE LACTATE,,
DESERPIDINE,,
METRIZOATE MAGNESIUM,,
CARBOPROST TROMETHAMINE,,
CEFMETAZOLE SODIUM,,
TECOVIRIMAT,,
BISACODYL,,
TESTOSTERONE PROPIONATE,,
PREDNISONE,,
DEMECARIUM BROMIDE,,
NETUPITANT,,
LEVONORGESTREL,,
PITAVASTATIN CALCIUM,,
TRIFAROTENE,,
INDOCYANINE GREEN,,
CABERGOLINE,,
BETAMETHASONE ACETATE,,
LENACAPAVIR SODIUM,,
PROPOFOL,,
IVOSIDENIB,,
AMOXICILLIN,,
INSULIN DETEMIR RECOMBINANT,,
BOSUTINIB MONOHYDRATE,,
CYCRIMINE HYDROCHLORIDE,,
PATIROMER SORBITEX CALCIUM,,
ESOMEPRAZOLE SODIUM,,
CHLOPHEDIANOL HYDROCHLORIDE,,
TAMOXIFEN CITRATE,,
SUPROFEN,,
OSIMERTINIB MESYLATE,,
EPINEPHRINE BITARTRATE,,
SELUMETINIB SULFATE,,
DESVENLAFAXINE SUCCINATE,,
SUTIMLIMAB-JOME,,
UMECLIDINIUM BROMIDE,,
OMEGA-3-ACID ETHYL ESTERS,,
PHENPROCOUMON,,
MEZLOCILLIN SODIUM MONOHYDRATE,,
ALSEROXYLON,,
HYDROXYZINE HYDROCHLORIDE,,
VITAMIN E,,
OnabotulinumtoxinA,,
ISOPROTERENOL HYDROCHLORIDE,,
ACAMPROSATE CALCIUM,,
FOSPHENYTOIN SODIUM,,
PYRIMETHAMINE,,
METRONIDAZOLE,,
SOTORASIB,,
OLMESARTAN MEDOXOMIL,,
PROPAFENONE HYDROCHLORIDE,,
POLYTETRAFLUOROETHYLENE,,
VELMANASE ALFA-TYCV,,
VILTOLARSEN,,
BEROTRALSTAT HYDROCHLORIDE,,
SELENIOUS ACID,,
DICUMAROL,,
DIROXIMEL FUMARATE,,
CEFTAROLINE FOSAMIL,,
FENFLURAMINE HYDROCHLORIDE,,
RUCAPARIB CAMSYLATE,,
SARECYCLINE HYDROCHLORIDE,,
METHOXY POLYETHYLENE GLYCOL-EPOETIN BETA,,
CEFAMANDOLE NAFATE,,
BASILIXIMAB,,
PANTOPRAZOLE SODIUM,,
DINOPROST TROMETHAMINE,,
TESTOSTERONE CYPIONATE,,
TEPROTUMUMAB-TRBW,,
LUMASIRAN SODIUM,,
MITOMYCIN,,
TEDIZOLID PHOSPHATE,,
ALPHA-TOCOPHEROL ACETATE,,
BRETYLIUM TOSYLATE,,
VALACYCLOVIR HYDROCHLORIDE,,
"ACETIC ACID, GLACIAL",,
AIR POLYMER-TYPE A,,
HEXACHLOROPHENE,,
INFLIXIMAB-AXXQ,,
RILUZOLE,,
QUINETHAZONE,,
SERMORELIN ACETATE,,
POTASSIUM LACTATE,,
IRBESARTAN,,
TROMETHAMINE,,
PRALSETINIB,,
MEMANTINE HYDROCHLORIDE,,
BEVACIZUMAB-AWWB,,
REMIMAZOLAM BESYLATE,,
DIVALPROEX SODIUM,,
ALDESLEUKIN,,
CALCIPOTRIENE HYDRATE,,
RESERPINE,,
LARONIDASE,,
CLOZAPINE,,
FONDAPARINUX SODIUM,,
ABROCITINIB,,
DARATUMUMAB,,
OXIGLUTATIONE,,
NITROUS OXIDE,,
"KRYPTON, KR-81M",,
OCRELIZUMAB,,
CAFFEINE,,
AMPHETAMINE RESIN COMPLEX,,
TAPENTADOL HYDROCHLORIDE,,
TAFAMIDIS,,
OCTINOXATE,,
FLIBANSERIN,,
BELANTAMAB MAFODOTIN-BLMF,,
IOTHALAMATE MEGLUMINE,,
LATANOPROSTENE BUNOD,,
FISH OIL TRIGLYCERIDES,,
CAPECITABINE,,
UROKINASE,,
DORZOLAMIDE HYDROCHLORIDE,,
RITONAVIR,,
LUMACAFTOR,,
TECHNETIUM TC-99M BICISATE KIT,,
TAGRAXOFUSP-ERZS,,
APRACLONIDINE HYDROCHLORIDE,,
TECHNETIUM TC-99M SODIUM PERTECHNETATE,,
"SODIUM PHOSPHATE, DIBASIC, ANHYDROUS",,
PREDNISOLONE ACETATE,,
PASIREOTIDE PAMOATE,,
AMLEXANOX,,
THONZONIUM BROMIDE,,
DOFETILIDE,,
TELAVANCIN HYDROCHLORIDE,,
CEFAZOLIN SODIUM,,
MEPERIDINE HYDROCHLORIDE,,
HYDROXYPROGESTERONE CAPROATE,,
NEVIRAPINE,,
DIETHYLPROPION HYDROCHLORIDE,,
NITRIC OXIDE,,
TRIMETHADIONE,,
SELPERCATINIB,,
TERIFLUNOMIDE,,
METOPROLOL TARTRATE,,
MEPREDNISONE,,
IMCIROMAB PENTETATE,,
LIFITEGRAST,,
TIRBANIBULIN,,
CEFPROZIL,,
SODIUM NITROPRUSSIDE,,
ICATIBANT ACETATE,,
GOLODIRSEN,,
ALTEPLASE,,
TRIMETHOPRIM HYDROCHLORIDE,,
NALOXEGOL,,
CITRIC ACID,,
CAPREOMYCIN SULFATE,,
VORICONAZOLE,,
NATALIZUMAB,,
HYDROCORTISONE VALERATE,,
VANCOMYCIN,,
"LAMIVUDINE, NEVIRAPINE, AND STAVUDINE",,
TICARCILLIN DISODIUM,,
INFLIXIMAB,,
MANNITOL,,
NECITUMUMAB,,
TAMSULOSIN HYDROCHLORIDE,,
HYDROXYCHLOROQUINE SULFATE,,
XENON XE-127,,
BETAMETHASONE SODIUM PHOSPHATE,,
SATRALIZUMAB,,
DACTINOMYCIN,,
VALPROIC ACID,,
LETROZOLE,,
OXTRIPHYLLINE,,
ADALIMUMAB-AATY,,
ESTRAMUSTINE PHOSPHATE SODIUM,,
MANGAFODIPIR TRISODIUM,,
AMANTADINE,,
BLEOMYCIN SULFATE,,
ARTICAINE HYDROCHLORIDE,,
FOSPROPOFOL DISODIUM,,
ROSE BENGAL SODIUM I-131,,
GLUTETHIMIDE,,
DALFAMPRIDINE,,
LENALIDOMIDE,,
THIAMINE,,
ROZANOLIXIZUMAB-NOLI,,
FAMOTIDINE,,
DIPHENHYDRAMINE HYDROCHLORIDE,,
GANCICLOVIR SODIUM,,
SUCCINYLCHOLINE CHLORIDE,,
IOTHALAMATE SODIUM I-125,,
TIOTROPIUM BROMIDE,,
TAVABOROLE,,
NITROGEN,,
BIPERIDEN HYDROCHLORIDE,,
RAXIBACUMAB,,
NATEGLINIDE,,
BELUMOSUDIL MESYLATE,,
PERFLUOROPOLYMETHYLISOPROPYL ETHER,,
PAROXETINE MESYLATE,,
CAPROMAB PENDETIDE,,
VENETOCLAX,,
IMATINIB MESYLATE,,
BREMELANOTIDE ACETATE,,
TUBOCURARINE CHLORIDE,,
PEGFILGRASTIM-BMEZ,,
ESTRADIOL CYPIONATE,,
FLUDEOXYGLUCOSE F-18,,
QUININE SULFATE,,
DEXMETHYLPHENIDATE HYDROCHLORIDE,,
OXPRENOLOL HYDROCHLORIDE,,
HYDROMORPHONE HYDROCHLORIDE,,
PACRITINIB CITRATE,,
TRASTUZUMAB-QYYP,,
BUPROPION HYDROCHLORIDE,,
BRIGATINIB,,
BEVACIZUMAB-MALY,,
SULFINPYRAZONE,,
DEXTROMETHORPHAN POLISTIREX,,
IMIPENEM,,
SUGAMMADEX,,
FLUMETHASONE PIVALATE,,
METHIMAZOLE,,
IOPROMIDE,,
LOMUSTINE,,
CHLORAMPHENICOL SODIUM SUCCINATE,,
RIFAMYCIN SODIUM,,
TIMOLOL,,
TRIMETHOPRIM,,
DESVENLAFAXINE FUMARATE,,
ETHINYL ESTRADIOL,,
CARPHENAZINE MALEATE,,
ESTRADIOL ACETATE,,
CEFORANIDE,,
PENTAMIDINE ISETHIONATE,,
AMPRENAVIR,,
ERAVACYCLINE DIHYDROCHLORIDE,,
BECAPLERMIN,,
SECRETIN SYNTHETIC HUMAN,,
IMIPRAMINE HYDROCHLORIDE,,
METHACYCLINE HYDROCHLORIDE,,
FLORTAUCIPIR F-18,,
VILOXAZINE HYDROCHLORIDE,,
TIPIRACIL,,
TETRACAINE HYDROCHLORIDE,,
SODIUM BICARBONATE,,
USTEKINUMAB,,
TOLMETIN SODIUM,,
PROCARBAZINE HYDROCHLORIDE,,
ESTAZOLAM,,
RILONACEPT,,
ALOGLIPTIN AND METFORMIN HYDROCHLORIDE,,
MIFEPRISTONE,,
HYDROCORTISONE,,
CLOMIPHENE CITRATE,,
OXYMETHOLONE,,
ROMOSOZUMAB-AQQG,,
SODIUM CARBONATE,,
FENTANYL HYDROCHLORIDE,,
FIBRINOLYSIN,,
FILGRASTIM,,
CALCITONIN SALMON RECOMBINANT,,
ADALIMUMAB-ADAZ,,
CALCIUM,,
DACARBAZINE,,
BEZLOTOXUMAB,,
GOSERELIN ACETATE,,
TRAMADOL HYDROCHLORIDE,,
COLISTIMETHATE SODIUM,,
PORACTANT ALFA,,
EVEROLIMUS,,
XENON XE-129 HYPERPOLARIZED,,
PROMETHAZINE HYDROCHLORIDE,,
MITOXANTRONE HYDROCHLORIDE,,
AMINOGLUTETHIMIDE,,
KETOCONAZOLE,,
PIRBUTEROL ACETATE,,
ADALIMUMAB-ATTO,,
CLONAZEPAM,,
ATAZANAVIR,,
SECNIDAZOLE,,
RITUXIMAB-ABBS,,
DOBUTAMINE HYDROCHLORIDE,,
GRAMICIDIN,,
FLUPHENAZINE HYDROCHLORIDE,,
GLYCOPYRRONIUM TOSYLATE,,
PENICILLIN G PROCAINE,,
TILUDRONATE DISODIUM,,
CYSTEAMINE BITARTRATE,,
PIPERACILLIN SODIUM,,
ETHINAMATE,,
ETHACRYNATE SODIUM,,
PIROXICAM,,
CIPROFLOXACIN,,
EMPAGLIFLOZIN,,
ENFLURANE,,
ROPEGINTERFERON ALFA-2B-NJFT,,
TRIOXSALEN,,
PINDOLOL,,
RAVULIZUMAB-CWVZ,,
FENOPROFEN CALCIUM,,
PYRAZINAMIDE,,
GALLIUM DOTATATE GA-68,,
POLYMYXIN B SULFATE,,
GLYBURIDE,,
GABAPENTIN ENCARBIL,,
BACLOFEN,,
OXYTOCIN,,
DEGARELIX ACETATE,,
TRISULFAPYRIMIDINES (SULFADIAZINE,,
OMALIZUMAB,,
VERICIGUAT,,
CHORIOGONADOTROPIN ALFA,,
SOMATROGON-GHLA,,
ANILERIDINE HYDROCHLORIDE,,
LUTETIUM LU-177 VIPIVOTIDE TETRAXETAN,,
METYROSINE,,
EPIRUBICIN HYDROCHLORIDE,,
NORELGESTROMIN,,
PENBUTOLOL SULFATE,,
PASIREOTIDE DIASPARTATE,,
MONOBENZONE,,
FLUMAZENIL,,
METHYLDOPATE HYDROCHLORIDE,,
EVOLOCUMAB,,
ANASTROZOLE,,
PROTRIPTYLINE HYDROCHLORIDE,,
PROTEASE),,
AXITINIB,,
COLLAGENASE CLOSTRIDIUM HISTOLYTICUM,,
PEGFILGRASTIM-JMDB,,
TRABECTEDIN,,
INFLIXIMAB-DYYB,,
MEGESTROL ACETATE,,
PIBRENTASVIR,,
PROMAZINE HYDROCHLORIDE,,
WHITE PETROLATUM,,
SULFASALAZINE,,
ALITRETINOIN,,
AMITRIPTYLINE HYDROCHLORIDE,,
ERIBULIN MESYLATE,,
METHAMPHETAMINE HYDROCHLORIDE,,
TOFACITINIB,,
SUVOREXANT,,
DOXYCYCLINE CALCIUM,,
ZANUBRUTINIB,,
ECHOTHIOPHATE IODIDE,,
CLINDAMYCIN PALMITATE HYDROCHLORIDE,,
NORGESTIMATE,,
AMLODIPINE BESYLATE,,
CERLIPONASE ALFA,,
ESTROPIPATE,,
PEGINTERFERON BETA-1A,,
SULFAMETHOXAZOLE,,
GALLIUM GA-68 GOZETOTIDE,,
MOXIDECTIN,,
METHENAMINE HIPPURATE,,
IOHEXOL,,
IMIQUIMOD,,
TIPRANAVIR,,
SPARSENTAN,,
FESOTERODINE FUMARATE,,
SUNITINIB MALATE,,
SODIUM SULFATE,,
CONIVAPTAN HYDROCHLORIDE,,
DEMECLOCYCLINE HYDROCHLORIDE,,
ADEFOVIR DIPIVOXIL,,
ILOPROST,,
CANNABIDIOL,,
DARIDOREXANT HYDROCHLORIDE,,
SODIUM SUCCINATE,,
TRIFLUOPERAZINE HYDROCHLORIDE,,
DROPERIDOL,,
LAMIVUDINE,,
GLUCAGON,,
AZATHIOPRINE SODIUM,,
CARPROFEN,,
MISOPROSTOL,,
UROFOLLITROPIN,,
BREXANOLONE,,
TOPIRAMATE,,
QUIZARTINIB DIHYDROCHLORIDE,,
OLSALAZINE SODIUM,,
LINDANE,,
BENZONATATE,,
LISINOPRIL,,
SAPROPTERIN DIHYDROCHLORIDE,,
PERINDOPRIL ARGININE,,
EFLORNITHINE HYDROCHLORIDE,,
CYANOCOBALAMIN CO-58,,
SULFACETAMIDE SODIUM,,
FEZOLINETANT,,
FENOFIBRATE,,
ANAGRELIDE HYDROCHLORIDE,,
LENVATINIB MESYLATE,,
PEGADEMASE BOVINE,,
QUINIDINE SULFATE,,
AMPICILLIN SODIUM,,
PORCINE SECRETIN,,
TIROFIBAN HYDROCHLORIDE,,
GENTAMICIN SULFATE,,
PENTOXIFYLLINE,,
DICYCLOMINE HYDROCHLORIDE,,
KETAMINE HYDROCHLORIDE,,
PREDNISOLONE SODIUM PHOSPHATE,,
TRIFLUPROMAZINE HYDROCHLORIDE,,
MAFTIVIMAB,,
INSULIN LISPRO-AABC,,
"GRISEOFULVIN, MICROSIZE",,
TRIHEPTANOIN,,
DIPHENIDOL HYDROCHLORIDE,,
PROTAMINE SULFATE,,
PROCHLORPERAZINE EDISYLATE,,
CLARITHROMYCIN,,
RIBOCICLIB SUCCINATE,,
ICOSAPENT ETHYL,,
METAPROTERENOL SULFATE,,
CODEINE POLISTIREX,,
SOLRIAMFETOL HYDROCHLORIDE,,
CEFOTETAN DISODIUM,,
MARALIXIBAT CHLORIDE,,
SECRETIN,,
ETANERCEPT-YKRO,,
HEXYLCAINE HYDROCHLORIDE,,
RIBAVIRIN,,
TORSEMIDE,,
ZICONOTIDE ACETATE,,
ARDEPARIN SODIUM,,
DILTIAZEM MALATE,,
BIOTIN,,
OSILODROSTAT PHOSPHATE,,
DEXTROAMPHETAMINE ADIPATE,,
TIOCONAZOLE,,
VALSARTAN,,
FLUVOXAMINE MALEATE,,
EMTRICITABINE,,
INSULIN GLARGINE RECOMBINANT,,
NEOSTIGMINE METHYLSULFATE,,
METHOTREXATE,,
VOXILAPREVIR,,
DIAZEPAM,,
MEGLUMINE,,
INSULIN HUMAN,,
ROSIGLITAZONE MALEATE,,
THIOTEPA,,
CEPHRADINE,,
CODEINE PHOSPHATE,,
ERYTHROMYCIN,,
IBUPROFEN SODIUM,,
FERRIC CITRATE,,
ALEMTUZUMAB,,
OXYPHENONIUM BROMIDE,,
EDROPHONIUM CHLORIDE,,
CYSTEINE HYDROCHLORIDE,,
FLORBETAPIR F-18,,
CARISOPRODOL,,
RIFABUTIN,,
DANAZOL,,
FENTANYL,,
HYDROXYZINE PAMOATE,,
NALOXONE HYDROCHLORIDE,,
LEDIPASVIR,,
HALOPERIDOL,,
TRIFLURIDINE,,
TENIPOSIDE,,
MAGNESIUM HYDROXIDE,,
GUSELKUMAB,,
PALIVIZUMAB,,
PROPARACAINE HYDROCHLORIDE,,
INULIN,,
OMACETAXINE MEPESUCCINATE,,
TAZEMETOSTAT HYDROBROMIDE,,
CEFUROXIME,,
MOEXIPRIL HYDROCHLORIDE,,
MYCOPHENOLATE MOFETIL,,
TRILOSTANE,,
HYDROGEN PEROXIDE,,
METAXALONE,,
DOLUTEGRAVIR,,
CAPTOPRIL,,
NILOTINIB HYDROCHLORIDE,,
PILOCARPINE HYDROCHLORIDE,,
LINACLOTIDE,,
SODIUM THIOSULFATE,,
LOFEXIDINE HYDROCHLORIDE,,
BUTENAFINE HYDROCHLORIDE,,
SOTAGLIFLOZIN,,
CARVEDILOL,,
VEDOLIZUMAB,,
FINGOLIMOD,,
GLUTATHIONE DISULFIDE,,
IOXILAN,,
T3),,
FROVATRIPTAN SUCCINATE,,
INDIUM IN-111 CHLORIDE,,
METHYPRYLON,,
METHADONE HYDROCHLORIDE,,
CINOXACIN,,
LEVOBETAXOLOL HYDROCHLORIDE,,
PERFLUOROHEXYLOCTANE,,
TRIMETHOBENZAMIDE HYDROCHLORIDE,,
PENTETATE CALCIUM TRISODIUM YB-169,,
BETA CAROTENE,,
PHENELZINE SULFATE,,
PEXIDARTINIB HYDROCHLORIDE,,
IFOSFAMIDE,,
DOSTARLIMAB-GXLY,,
LISDEXAMFETAMINE DIMESYLATE,,
PYRIDOXINE HYDROCHLORIDE,,
ELACESTRANT DIHYDROCHLORIDE,,
PRILOCAINE HYDROCHLORIDE,,
THEOPHYLLINE SODIUM GLYCINATE,,
PENTOBARBITAL SODIUM,,
FEXINIDAZOLE,,
TINIDAZOLE,,
RIMANTADINE HYDROCHLORIDE,,
DEXTROTHYROXINE SODIUM,,
TECHNETIUM TC-99M SUCCIMER KIT,,
PHENYLPROPANOLAMINE HYDROCHLORIDE,,
IRINOTECAN HYDROCHLORIDE,,
INSULIN DETEMIR,,
FLURANDRENOLIDE,,
VARENICLINE TARTRATE,,
AMPHETAMINE ADIPATE,,
TECHNETIUM TC-99M DEPREOTIDE,,
COLESTIPOL HYDROCHLORIDE,,
SAQUINAVIR,,
BIMATOPROST,,
TEMSIROLIMUS,,
VELPATASVIR,,
METHYLERGONOVINE MALEATE,,
IMIGLUCERASE,,
GLYCINE,,
PIMOZIDE,,
AMIKACIN SULFATE,,
TRAMETINIB,,
AMINOSALICYLIC ACID RESIN COMPLEX,,
SODIUM PHENYLBUTYRATE,,
AZELAIC ACID,,
ALENDRONATE SODIUM,,
ALOGLIPTIN BENZOATE,,
BALOXAVIR MARBOXIL,,
LEMBOREXANT,,
TIRZEPATIDE,,
LEVOLEUCOVORIN CALCIUM,,
PYRVINIUM PAMOATE,,
FLURAZEPAM HYDROCHLORIDE,,
STRONTIUM CHLORIDE SR-89,,
ENOXAPARIN SODIUM,,
FENOLDOPAM MESYLATE,,
OXAZEPAM,,
ATRACURIUM BESYLATE,,
LORAZEPAM,,
DEOXYCHOLIC ACID,,
ZOLMITRIPTAN,,
FREMANEZUMAB-VFRM,,
AMBRISENTAN,,
ARIPIPRAZOLE,,
INSULIN LISPRO,,
OSPEMIFENE,,
RUFINAMIDE,,
HYDROCORTISONE SODIUM SUCCINATE,,
ESMOLOL HYDROCHLORIDE,,
NICOTINE POLACRILEX,,
SELENIUM SULFIDE,,
FLUOROMETHOLONE ACETATE,,
STERILE WATER,,
PEGUNIGALSIDASE ALFA-IWXJ,,
AZATHIOPRINE,,
ISOSORBIDE DINITRATE,,
NOREPINEPHRINE BITARTRATE,,
ASFOTASE ALFA,,
ALLOPURINOL,,
HYDROXYUREA,,
RIPRETINIB,,
VALRUBICIN,,
TENOFOVIR ALAFENAMIDE FUMARATE,,
ATEZOLIZUMAB,,
REZAFUNGIN ACETATE,,
DIFLUNISAL,,
CYCLOSERINE,,
TINZAPARIN SODIUM,,
DULOXETINE HYDROCHLORIDE,,
KANAMYCIN SULFATE,,
LUSUTROMBOPAG,,
CYCLOBENZAPRINE HYDROCHLORIDE,,
NORETHINDRONE,,
REMDESIVIR,,
VECURONIUM BROMIDE,,
FLUDARABINE PHOSPHATE,,
LIOTHYRONINE SODIUM,,
BENZYL BENZOATE,,
PSEUDOEPHEDRINE POLISTIREX,,
EVANS BLUE,,
PRAZIQUANTEL,,
GEFITINIB,,
OXYTETRACYCLINE,,
LEVOMILNACIPRAN HYDROCHLORIDE,,
EPLERENONE,,
KETOROLAC TROMETHAMINE,,
CALCIUM METRIZOATE,,
AMINOHIPPURATE SODIUM,,
GRANISETRON,,
AVIBACTAM SODIUM,,
DOXYCYCLINE,,
DAUNORUBICIN HYDROCHLORIDE,,
ALBUMIN CHROMATED CR-51 SERUM,,
GREPAFLOXACIN HYDROCHLORIDE,,
GUANABENZ ACETATE,,
NELARABINE,,
TRICLOSAN,,
AMPHOTERICIN B,,
SIROLIMUS,,
DICLOFENAC POTASSIUM,,
LEUPROLIDE MESYLATE,,
CISATRACURIUM BESYLATE,,
NERATINIB MALEATE,,
CHLORAMBUCIL,,
PENICILLIN V POTASSIUM,,
AVANAFIL,,
PHENYLEPHRINE HYDROCHLORIDE,,
TREPROSTINIL,,
GOLIMUMAB,,
MIRABEGRON,,
SORBITOL,,
TRICLOFOS SODIUM,,
LEVOBUPIVACAINE HYDROCHLORIDE,,
MAZINDOL,,
CICLOPIROX,,
EFGARTIGIMOD ALFA,,
GUAIFENESIN,,
VERAPAMIL HYDROCHLORIDE,,
MOGAMULIZUMAB-KPKC,,
NANDROLONE PHENPROPIONATE,,
RIMEXOLONE,,
ATENOLOL,,
OSELTAMIVIR PHOSPHATE,,
ISOSULFAN BLUE,,
LINAGLIPTIN AND METFORMIN HYDROCHLORIDE,,
OZANIMOD HYDROCHLORIDE,,
CYCLOSPORINE,,
AMILORIDE HYDROCHLORIDE,,
LATANOPROST,,
MEPENZOLATE BROMIDE,,
TECHNETIUM TC-99M TILMANOCEPT,,
CABAZITAXEL,,
PHENINDIONE,,
SULFANILAMIDE,,
VOXELOTOR,,
BELZUTIFAN,,
ADALIMUMAB-BWWD,,
GLYCOPYRROLATE,,
PITAVASTATIN MAGNESIUM,,
CHLORHEXIDINE GLUCONATE,,
QUINIDINE GLUCONATE,,
METHYLTESTOSTERONE,,
CALASPARGASE PEGOL-MKNL,,
ENALAPRIL MALEATE,,
OPICAPONE,,
LAMOTRIGINE,,
ETOPOSIDE PHOSPHATE,,
METHYLNALTREXONE BROMIDE,,
DIETHYLSTILBESTROL,,
SODIUM PICOSULFATE,,
LEVOTHYROXINE SODIUM,,
LEFLUNOMIDE,,
SODIUM PHOSPHATE P-32,,
ESTRADIOL HEMIHYDRATE,,
"ESTROGENS, ESTERIFIED",,
APREMILAST,,
TRIENTINE TETRAHYDROCHLORIDE,,
SODIUM FLUORIDE F-18,,
VALPROATE SODIUM,,
EPTIFIBATIDE,,
ISONIAZID,,
"UREA, C-14",,
SULFUR HEXAFLUORIDE LIPID-TYPE A MICROSPHERES,,
BUTORPHANOL TARTRATE,,
FOMIVIRSEN SODIUM,,
CIMETIDINE,,
BISMUTH SUBSALICYLATE,,
MECHLORETHAMINE HYDROCHLORIDE,,
GUANADREL SULFATE,,
METHYLPREDNISOLONE,,
VONOPRAZAN FUMARATE,,
NALDEMEDINE TOSYLATE,,
PIPERONYL BUTOXIDE,,
BETRIXABAN,,
MAGNESIUM SULFATE ANHYDROUS,,
PRIMAQUINE PHOSPHATE,,
ALTRETAMINE,,
FOSINOPRIL SODIUM,,
LESINURAD,,
ADALIMUMAB-AQVH,,
EVINACUMAB-DGNB,,
NALOXEGOL OXALATE,,
IBUTILIDE FUMARATE,,
POTASSIUM OXYBATE,,
NETILMICIN SULFATE,,
PEMETREXED DISODIUM,,
DESOGESTREL,,
SUTILAINS,,
CHLOROXINE,,
"GRISEOFULVIN, ULTRAMICROCRYSTALLINE",,
APALUTAMIDE,,
SOMATROPIN RECOMBINANT,,
RELEBACTAM,,
DASIGLUCAGON HYDROCHLORIDE,,
FINGOLIMOD HYDROCHLORIDE,,
DOLASETRON MESYLATE,,
VESTRONIDASE ALFA-VJBK,,
SODIUM SULFATE ANHYDROUS,,
CALCITONIN HUMAN,,
CONJUGATED ESTROGENS/MEDROXYPROGESTERONE ACETATE,,
PRAVASTATIN SODIUM,,
PRASUGREL HYDROCHLORIDE,,
UMBRALISIB TOSYLATE,,
TERBINAFINE,,
CROTAMITON,,
CRYPTENAMINE ACETATES,,
TALIGLUCERASE ALFA,,
BEVACIZUMAB-ADCD,,
POVIDONE-IODINE,,
INSULIN SUSP ISOPHANE RECOMBINANT HUMAN,,
CALCIUM OXYBATE,,
CAPSAICIN,,
PERAMIVIR,,
ETHOXZOLAMIDE,,
ADO-TRASTUZUMAB EMTANSINE,,
LINCOMYCIN HYDROCHLORIDE,,
BENRALIZUMAB,,
ALBENDAZOLE,,
PYRETHRINS,,
DOCOSANOL,,
ELTROMBOPAG,,
PHENAZOPYRIDINE HYDROCHLORIDE,,
AMPHETAMINE,,
PENTAZOCINE HYDROCHLORIDE,,
IODIXANOL,,
OFATUMUMAB,,
CABOTEGRAVIR,,
ETHANOLAMINE OLEATE,,
HYDROQUINONE,,
BEPRIDIL HYDROCHLORIDE,,
PIRTOBRUTINIB,,
GEMCITABINE,,
OLAPARIB,,
TRILACICLIB DIHYDROCHLORIDE,,
DEXTROAMPHETAMINE RESIN COMPLEX,,
SULFADOXINE,,
SULFISOXAZOLE DIOLAMINE,,
GUANIDINE HYDROCHLORIDE,,
QUINIDINE POLYGALACTURONATE,,
RAPACURONIUM BROMIDE,,
RUXOLITINIB PHOSPHATE,,
ISOPROTERENOL SULFATE,,
EPOPROSTENOL SODIUM,,
SPINOSAD,,
LYPRESSIN,,
IPODATE SODIUM,,
IODOXAMATE MEGLUMINE,,
PARAMETHADIONE,,
DARUNAVIR,,
TITANIUM DIOXIDE,,
PROPRANOLOL HYDROCHLORIDE,,
NITISINONE,,
VISMODEGIB,,
ATOVAQUONE,,
DOPAMINE HYDROCHLORIDE,,
ARGININE HYDROCHLORIDE,,
ARMODAFINIL,,
"ELAGOLIX SODIUM,ESTRADIOL,NORETHINDRONE ACETATE",,
GLIPIZIDE,,
METOCURINE IODIDE,,
LIXISENATIDE,,
SECUKINUMAB,,
MANGANESE SULFATE,,
FLUVASTATIN SODIUM,,
VITAMIN A,,
TRIAMCINOLONE DIACETATE,,
ETHYNODIOL DIACETATE,,
CHLOROTHIAZIDE,,
STERILE WATER FOR INJECTION,,
CYCLACILLIN,,
BENZYLPENICILLOYL POLYLYSINE,,
CEFOXITIN SODIUM,,
SOMATROPIN [rDNA origin],,
FOLLITROPIN ALFA/BETA,,
VINCRISTINE SULFATE,,
ALPRAZOLAM,,
CIPROFLOXACIN HYDROCHLORIDE,,
TECHNETIUM TC-99M MEDRONATE,,
AZELASTINE HYDROCHLORIDE,,
TENOFOVIR,,
PEGCETACOPLAN,,
PHENSUXIMIDE,,
TOLBUTAMIDE SODIUM,,
SPARFLOXACIN,,
OBINUTUZUMAB,,
FERUMOXYTOL,,
EPHEDRINE SULFATE,,
PHENMETRAZINE HYDROCHLORIDE,,
BALSALAZIDE DISODIUM,,
PEGFILGRASTIM-FPGK,,
FENTANYL CITRATE,,
ITRACONAZOLE,,
MELPHALAN FLUFENAMIDE HYDROCHLORIDE,,
TROVAFLOXACIN MESYLATE,,
ARIPIPRAZOLE LAUROXIL,,
PITOLISANT HYDROCHLORIDE,,
DENILEUKIN DIFTITOX,,
MEDIUM CHAIN TRIGLYCERIDES,,
SODIUM GLYCEROPHOSPHATE,,
LIDOCAINE,,
INFIGRATINIB PHOSPHATE,,
INFLIXIMAB-ABDA,,
SODIUM LACTATE,,
DIPIVEFRIN HYDROCHLORIDE,,
ISOTRETINOIN,,
SIMEPREVIR SODIUM,,
FAM-TRASTUZUMAB DERUXTECAN-NXKI,,
IVACAFTOR,,
LEVOCARNITINE,,
NAFTIFINE HYDROCHLORIDE,,
LEUCOVORIN CALCIUM,,
EDOXABAN TOSYLATE,,
OXYPHENBUTAZONE,,
IBUPROFEN,,
CALFACTANT,,
ESLICARBAZEPINE ACETATE,,
CEPHALOGLYCIN,,
ROFECOXIB,,
ALBUMIN IODINATED I-131 SERUM,,
ETEPLIRSEN,,
CILASTATIN SODIUM,,
COLISTIN SULFATE,,
BROMOCRIPTINE MESYLATE,,
FINASTERIDE,,
CARTEOLOL HYDROCHLORIDE,,
OXYBUTYNIN,,
ROSUVASTATIN CALCIUM,,
RANITIDINE BISMUTH CITRATE,,
MESALAMINE,,
MAPROTILINE HYDROCHLORIDE,,
DABIGATRAN ETEXILATE MESYLATE,,
ESKETAMINE HYDROCHLORIDE,,
TEMOZOLOMIDE,,
AZLOCILLIN SODIUM,,
BETAZOLE HYDROCHLORIDE,,
REGADENOSON,,
LENIOLISIB PHOSPHATE,,
ETHOTOIN,,
ACETRIZOATE SODIUM,,
DOXORUBICIN HYDROCHLORIDE,,
ACETAZOLAMIDE,,
PANCURONIUM BROMIDE,,
VALBENAZINE TOSYLATE,,
ERYTHROMYCIN LACTOBIONATE,,
AMLODIPINE BENZOATE,,
ETRAVIRINE,,
PEMETREXED SODIUM,,
PROPOXYPHENE NAPSYLATE,,
POLYTHIAZIDE,,
NICARDIPINE HYDROCHLORIDE,,
NORFLOXACIN,,
PENICILLIN G BENZATHINE,,
FIDAXOMICIN,,
MEGLUMINE METRIZOATE,,
MELOXICAM,,
VARENICLINE,,
INTERFERON ALFA-2B,,
BERACTANT,,
"POTASSIUM PHOSPHATE, MONOBASIC",,
DACLIZUMAB,,
TAFAMIDIS MEGLUMINE,,
UBLITUXIMAB-XIIY,,
LEVOMEFOLATE CALCIUM,,
LITHIUM CARBONATE,,
MEPHENTERMINE SULFATE,,
OXYPHENCYCLIMINE HYDROCHLORIDE,,
GLYCERIN,,
PYRILAMINE MALEATE,,
BEVACIZUMAB-BVZR,,
FLUOXETINE HYDROCHLORIDE,,
CEFEPIME HYDROCHLORIDE,,
PIMAVANSERIN TARTRATE,,
PODOFILOX,,
PEMOLINE,,
LEVAMISOLE HYDROCHLORIDE,,
PEGFILGRASTIM-PBBK,,
CHLORPHENTERMINE HYDROCHLORIDE,,
PRAMOXINE HYDROCHLORIDE,,
DEXAMETHASONE SODIUM PHOSPHATE,,
SAXAGLIPTIN,,
HYDROCODONE BITARTRATE,,
HYDROCORTISONE SODIUM PHOSPHATE,,
OLUTASIDENIB,,
"ESTROGENS, CONJUGATED SYNTHETIC A",,
DURLOBACTAM SODIUM,,
EZOGABINE,,
MAFENIDE ACETATE,,
FERRIC CARBOXYMALTOSE,,
CEFTAZIDIME,,
DROSPIRENONE,,
METRIZOATE SODIUM,,
AMINOPHYLLINE,,
NIMODIPINE,,
SIMETHICONE,,
CHOLINE FENOFIBRATE,,
METHYLPHENIDATE HYDROCHLORIDE,,
CODEINE SULFATE,,
THIAMINE HYDROCHLORIDE,,
ISOPROPYL ALCOHOL,,
DIPHENYLPYRALINE HYDROCHLORIDE,,
SERDEXMETHYLPHENIDATE CHLORIDE,,
POTASSIUM CHLORIDE,,
MECLIZINE HYDROCHLORIDE,,
FORMOTEROL FUMARATE DIHYDRATE,,
IBUPROFEN LYSINE,,
UBROGEPANT,,
CEFPIRAMIDE SODIUM,,
MECASERMIN RINFABATE RECOMBINANT,,
HISTAMINE PHOSPHATE,,
DELAFLOXACIN MEGLUMINE,,
NETARSUDIL MESYLATE,,
PILOCARPINE,,
METHYSERGIDE MALEATE,,
ISOETHARINE MESYLATE,,
NARATRIPTAN HYDROCHLORIDE,,
ICODEXTRIN,,
RALTEGRAVIR,,
NONOXYNOL-9,,
"FERROUS CITRATE, FE-59",,
ROPINIROLE HYDROCHLORIDE,,
CEFADROXIL/CEFADROXIL HEMIHYDRATE,,
PREDNISOLONE TEBUTATE,,
VIDARABINE,,
GALLIUM CITRATE GA-67,,
TRANDOLAPRIL,,
GADOBUTROL,,
SECRETIN SYNTHETIC PORCINE,,
MODAFINIL,,
NITROFURANTOIN SODIUM,,
DONEPEZIL HYDROCHLORIDE,,
GALCANEZUMAB-GNLM,,
HALOPERIDOL DECANOATE,,
BENDROFLUMETHIAZIDE,,
DORIPENEM,,
SIPONIMOD,,
AZACITIDINE,,
DALFOPRISTIN,,
ERGOCALCIFEROL,,
DIETHYLCARBAMAZINE CITRATE,,
DAROLUTAMIDE,,
AFLIBERCEPT,,
BESIFLOXACIN HYDROCHLORIDE,,
FOSCARNET SODIUM,,
ALUMINUM ACETATE,,
NIRAPARIB TOSYLATE,,
FLUCONAZOLE,,
SODIUM POLYSTYRENE SULFONATE,,
PERPHENAZINE,,
DICLOFENAC EPOLAMINE,,
MERCAPTOPURINE,,
TAPENTADOL,,
DESOXYCORTICOSTERONE ACETATE,,
RANITIDINE HYDROCHLORIDE,,
TECHNETIUM TC-99M RED BLOOD CELL KIT,,
BARIUM SULFATE,,
HYALURONIDASE RECOMBINANT HUMAN,,
OLODATEROL HYDROCHLORIDE,,
DEXMEDETOMIDINE HYDROCHLORIDE,,
Zidovudine,,
ABIRATERONE ACETATE,,
CEFOTIAM HYDROCHLORIDE,,
SODIUM PHOSPHATE,,
DUTASTERIDE,,
MESORIDAZINE BESYLATE,,
ETHIODIZED OIL,,
MAGNESIUM ACETATE,,
MECAMYLAMINE HYDROCHLORIDE,,
POTASSIUM PERCHLORATE,,
Lamivudine,,
TROFINETIDE,,
ERGOTAMINE TARTRATE,,
CYCLOPHOSPHAMIDE,,
DEFERASIROX,,
NAPHAZOLINE HYDROCHLORIDE,,
PONATINIB HYDROCHLORIDE,,
LODOXAMIDE TROMETHAMINE,,
PHENIRAMINE MALEATE,,
CEPHALOTHIN SODIUM,,
RIBOFLAVIN,,
DEFIBROTIDE SODIUM,,
GLUCONOLACTONE,,
ZAFIRLUKAST,,
LURASIDONE HYDROCHLORIDE,,
DRONABINOL,,
INSULIN LISPRO RECOMBINANT,,
ALISKIREN HEMIFUMARATE,,
THIORIDAZINE,,
ETODOLAC,,
NAFCILLIN SODIUM,,
FEDRATINIB HYDROCHLORIDE,,
SUMATRIPTAN,,
HYDROCODONE POLISTIREX,,
DEXTROMETHORPHAN HYDROBROMIDE,,
FLUORODOPA F-18,,
MEDICAL AIR,,
CHROMIC PHOSPHATE P-32,,
RELATLIMAB-RMBW,,
MESNA,,
DELAVIRDINE MESYLATE,,
CEFTRIAXONE SODIUM,,
PENTOBARBITAL,,
ECULIZUMAB,,
PROGUANIL HYDROCHLORIDE,,
TECHNETIUM TC-99M FERPENTETATE KIT,,
ENZALUTAMIDE,,
POTASSIUM AMINOSALICYLATE,,
CLOFAZIMINE,,
IDARUCIZUMAB,,
OXYMETAZOLINE,,
CLOXACILLIN SODIUM,,
"DOLUTEGRAVIR, EMTRICITABINE and TENOFOVIR ALAFENAMIDE",,
AMIFAMPRIDINE,,
CETYL ALCOHOL,,
PARITAPREVIR,,
THIOTHIXENE HYDROCHLORIDE,,
ERYTHROMYCIN ETHYLSUCCINATE,,
IOBENGUANE SULFATE I-131,,
PENICILLIN G POTASSIUM,,
FLUTEMETAMOL F-18,,
TROGLITAZONE,,
DARIFENACIN HYDROBROMIDE,,
TUCATINIB,,
AMOXAPINE,,
DACLATASVIR DIHYDROCHLORIDE,,
AMINO ACIDS,,
BARICITINIB,,
TRIAZOLAM,,
PANOBINOSTAT LACTATE,,
MAGNESIUM ACETATE TETRAHYDRATE,,
BETHANECHOL CHLORIDE,,
STREPTOMYCIN SULFATE,,
ABARELIX,,
BROMODIPHENHYDRAMINE HYDROCHLORIDE,,
CHLORMERODRIN HG-197,,
COPPER,,
DEUTETRABENAZINE,,
BUPROPION HYDROBROMIDE,,
ELTROMBOPAG OLAMINE,,
MAGNESIUM CHLORIDE,,
CEPHALEXIN,,
ORITAVANCIN DIPHOSPHATE,,
SULFUR,,
RITUXIMAB-ARRX,,
CARBENICILLIN DISODIUM,,
GLECAPREVIR,,
CLONIDINE,,
"ESTROGENS, CONJUGATED",,
MARAVIROC,,
RISPERIDONE,,
HYALURONIDASE-FIHJ,,
PEMBROLIZUMAB,,
ASPARAGINASE,,
ENTECAVIR,,
TEPOTINIB HYDROCHLORIDE,,
FUROSEMIDE,,
FOSTEMSAVIR TROMETHAMINE,,
SECOBARBITAL SODIUM,,
DESIPRAMINE HYDROCHLORIDE,,
POLIDOCANOL,,
SODIUM PHENYLACETATE,,
IBRITUMOMAB TIUXETAN,,
AMBENONIUM CHLORIDE,,
RIBOFLAVIN 5'-PHOSPHATE SODIUM,,
VORTIOXETINE HYDROBROMIDE,,
DEXCHLORPHENIRAMINE MALEATE,,
TETRACYCLINE HYDROCHLORIDE,,
CAPLACIZUMAB-YHDP,,
VINBLASTINE SULFATE,,
ARGATROBAN,,
TRIMETHAPHAN CAMSYLATE,,
CAFFEINE CITRATE,,
TETRABENAZINE,,
OBILTOXAXIMAB,,
LOMEFLOXACIN HYDROCHLORIDE,,
CHLORTETRACYCLINE HYDROCHLORIDE,,
FOSAMPRENAVIR CALCIUM,,
CHLORPHENIRAMINE MALEATE,,
DIRITHROMYCIN,,
IBALIZUMAB-UIYK,,
TROPICAMIDE,,
TRIAMCINOLONE ACETONIDE,,
CYANOCOBALAMIN CO-57,,
LEVOLEUCOVORIN,,
MIDAZOLAM HYDROCHLORIDE,,
QUINUPRISTIN,,
ERYTHROMYCIN GLUCEPTATE,,
LONCASTUXIMAB TESIRINE-LPYL,,
DISULFIRAM,,
CLIOQUINOL,,
PYRIDOSTIGMINE BROMIDE,,
NYSTATIN,,
DROXIDOPA,,
PROBUCOL,,
INTERFERON ALFA-N3,,
DIMETHYL FUMARATE,,
BENAZEPRIL HYDROCHLORIDE,,
MEFLOQUINE HYDROCHLORIDE,,
DESONIDE,,
DOXEPIN HYDROCHLORIDE,,
CEFTOLOZANE SULFATE,,
LUBIPROSTONE,,
ANTAZOLINE PHOSPHATE,,
CHROMIC CHLORIDE,,
FERRIC AMMONIUM CITRATE,,
ALBUTEROL,,
TECHNETIUM TC-99M PENTETATE KIT,,
LEVOBUNOLOL HYDROCHLORIDE,,
SPIRONOLACTONE,,
TICAGRELOR,,
PROCAINAMIDE HYDROCHLORIDE,,
MIPOMERSEN SODIUM,,
CLADRIBINE,,
TELMISARTAN,,
ZILEUTON,,
ANIFROLUMAB-FNIA,,
DESFLURANE,,
TEDUGLUTIDE RECOMBINANT,,
"ESTROGENS, CONJUGATED SYNTHETIC B",,
VENLAFAXINE BESYLATE,,
OFLOXACIN,,
EPROSARTAN MESYLATE,,
TEBENTAFUSP-TEBN,,
IODAMIDE MEGLUMINE,,
SEVELAMER HYDROCHLORIDE,,
INSULIN ZINC SUSP EXTENDED PURIFIED BEEF,,
MIDAZOLAM,,
RALOXIFENE HYDROCHLORIDE,,
ONDANSETRON HYDROCHLORIDE,,
RASBURICASE,,
RISEDRONATE SODIUM,,
BECLOMETHASONE DIPROPIONATE MONOHYDRATE,,
SOMAPACITAN-BECO,,
DRONEDARONE HYDROCHLORIDE,,
DESMOPRESSIN ACETATE,,
NATAMYCIN,,
CARFILZOMIB,,
MICONAZOLE NITRATE,,
AMPHETAMINE ASPARTATE/DEXTROAMPHETAMINE SULFATE,,
LETERMOVIR,,
SUFENTANIL CITRATE,,
NEFAZODONE HYDROCHLORIDE,,
FULVESTRANT,,
NABILONE,,
NIZATIDINE,,
VORAPAXAR SULFATE,,
NESIRITIDE RECOMBINANT,,
AVALGLUCOSIDASE ALFA-NGPT,,
LORLATINIB,,
SEMAGLUTIDE,,
RANITIDINE,,
IOVERSOL,,
MENADIONE,,
CANTHARIDIN,,
CALCIPOTRIENE,,
ACLIDINIUM BROMIDE,,
IOPHENDYLATE,,
LIOTRIX (T4,,
SOYBEAN OIL,,
ETRETINATE,,
AZILSARTAN KAMEDOXOMIL,,
HALOFANTRINE HYDROCHLORIDE,,
BRILLIANT BLUE G,,
BRINZOLAMIDE,,
METHYL SALICYLATE,,
ALGLUCOSIDASE ALFA,,
PYRITHIONE ZINC,,
ERENUMAB-AOOE,,
BUSPIRONE HYDROCHLORIDE,,
MEBENDAZOLE,,
CALCITRIOL,,
TOCOPHEROL ACETATE,,
DENOSUMAB,,
LENVATINIB,,
SODIUM MONOFLUOROPHOSPHATE,,
GEMCITABINE HYDROCHLORIDE,,
CHLORAMPHENICOL,,
TECHNETIUM TC-99M LIDOFENIN KIT,,
MECASERMIN RECOMBINANT,,
KETOPROFEN,,
SULFOXONE SODIUM,,
METOCLOPRAMIDE HYDROCHLORIDE,,
PANCRELIPASE (AMYLASE,,
TETRACYCLINE PHOSPHATE COMPLEX,,
DIAZOXIDE,,
CHOLESTYRAMINE,,
PURIFIED WATER,,
DIHYDROERGOTAMINE MESYLATE,,
HALOTHANE,,
DEXBROMPHENIRAMINE MALEATE,,
COPPER CU-64 DOTATATE,,
GALSULFASE,,
PANTOTHENIC ACID,,
LIDOCAINE HYDROCHLORIDE,,
SODIUM ACETATE,,
METHYLPREDNISOLONE SODIUM SUCCINATE,,
DESOXIMETASONE,,
DIENOGEST,,
FILGRASTIM-AYOW,,
CLAVULANATE POTASSIUM,,
METHOHEXITAL SODIUM,,
FILGRASTIM-SNDZ,,
REGORAFENIB,,
SULFACETAMIDE,,
TROSPIUM CHLORIDE,,
PROCAINE HYDROCHLORIDE,,
DASATINIB,,
ALFENTANIL HYDROCHLORIDE,,
THIOPENTAL SODIUM,,
MINOCYCLINE,,
SULFAPHENAZOLE,,
CERTOLIZUMAB PEGOL,,
CEFIDEROCOL SULFATE TOSYLATE,,
CABOZANTINIB,,
SELEGILINE HYDROCHLORIDE,,
SILDENAFIL CITRATE,,
ACETYLDIGITOXIN,,
PROPIOMAZINE HYDROCHLORIDE,,
TOCAINIDE HYDROCHLORIDE,,
TECHNETIUM TC99M ALBUMIN AGGREGATED,,
CHLOROPROCAINE HYDROCHLORIDE,,
PENICILLIN G SODIUM,,
SAFINAMIDE,,
ELAPEGADEMASE-LVLR,,
ROCURONIUM BROMIDE,,
TRIDIHEXETHYL CHLORIDE,,
URIDINE TRIACETATE,,
METOPROLOL SUCCINATE,,
MIRTAZAPINE,,
BENTOQUATAM,,
INOTUZUMAB OZOGAMICIN,,
ZINC SULFATE,,
THIETHYLPERAZINE MALEATE,,
ECONAZOLE NITRATE,,
METHOXSALEN,,
ROMIPLOSTIM,,
GLOFITAMAB-GXBM,,
ERLOTINIB HYDROCHLORIDE,,
DOXAZOSIN MESYLATE,,
RIFAMPIN,,
DEXTROAMPHETAMINE SACCHARATE,,
ZIPRASIDONE MESYLATE,,
TACROLIMUS,,
EPOETIN ALFA-EPBX,,
HYALURONIDASE (HUMAN RECOMBINANT),,
METHSUXIMIDE,,
LITHIUM CITRATE,,
HEXAFLUORENIUM BROMIDE,,
GLYCEROL PHENYLBUTYRATE,,
NANDROLONE DECANOATE,,
FINERENONE,,
CLOPIDOGREL BISULFATE,,
THIABENDAZOLE,,
FAMCICLOVIR,,
SERTRALINE HYDROCHLORIDE,,
AFATINIB,,
LH),,
CISAPRIDE MONOHYDRATE,,
DALBAVANCIN HYDROCHLORIDE,,
CINACALCET HYDROCHLORIDE,,
COPANLISIB DIHYDROCHLORIDE,,
AMODIAQUINE HYDROCHLORIDE,,
LOTILANER,,
SAFINAMIDE MESYLATE,,
GUANETHIDINE MONOSULFATE,,
TRIMEPRAZINE TARTRATE,,
ESZOPICLONE,,
HALAZEPAM,,
FUTIBATINIB,,
BRIVARACETAM,,
CORTISONE ACETATE,,
LOPERAMIDE HYDROCHLORIDE,,
INCLISIRAN SODIUM,,
TOLVAPTAN,,
SCOPOLAMINE,,
PYRIDOXINE,,
GANIRELIX ACETATE,,
FLECAINIDE ACETATE,,
AMPHETAMINE SULFATE,,
TADALAFIL,,
VANCOMYCIN HYDROCHLORIDE,,
MOMETASONE FUROATE,,
"SODIUM PHOSPHATE, MONOBASIC, MONOHYDRATE",,
ELOSULFASE ALFA,,
CHLORDIAZEPOXIDE HYDROCHLORIDE,,
TRASTUZUMAB-PKRB,,
ANIDULAFUNGIN,,
TRIPTORELIN PAMOATE,,
CLOFIBRATE,,
COBIMETINIB FUMARATE,,
FLUDROCORTISONE ACETATE,,
POTASSIUM CITRATE,,
RAMIPRIL,,
PHENYLPROPANOLAMINE POLISTIREX,,
MIDOSTAURIN,,
EPOETIN ALFA,,
MIRVETUXIMAB SORAVTANSINE-GYNX,,
DEXAMETHASONE,,
FOSDENOPTERIN HYDROBROMIDE,,
NEPAFENAC,,
DAPAGLIFLOZIN,,
METHYLPREDNISOLONE ACETATE,,
RITLECITINIB TOSYLATE,,
SODIUM ASCORBATE,,
TECHNETIUM TC-99M TEBOROXIME KIT,,
TEMAZEPAM,,
CALCIUM ACETATE,,
TERIPARATIDE ACETATE,,
GLATIRAMER ACETATE,,
DIMENHYDRINATE,,
VERARD,,
GADOTERIDOL,,
LOXAPINE SUCCINATE,,
GANCICLOVIR,,
UNOPROSTONE ISOPROPYL,,
BENZTROPINE MESYLATE,,
DANAPAROID SODIUM,,
TELBIVUDINE,,
ALIROCUMAB,,
ORLISTAT,,
BITOLTEROL MESYLATE,,
REPOSITORY CORTICOTROPIN,,
LONAFARNIB,,
TYROPANOATE SODIUM,,
RANIBIZUMAB,,
EXEMESTANE,,
MORPHINE SULFATE,,
STREPTOZOCIN,,
OXAPROZIN POTASSIUM,,
NAXITAMAB-GQGK,,
VERATRUM VIRIDE ROOT,,
CLONIDINE HYDROCHLORIDE,,
FEXOFENADINE HYDROCHLORIDE,,
CARBINOXAMINE MALEATE,,
PIPERAZINE CITRATE,,
ASPARAGINASE ERWINIA CHRYSANTHEMI (RECOMBINANT)-RYWN,,
ABACAVIR SULFATE,,
OXYMETAZOLINE HYDROCHLORIDE,,
BENOXINATE HYDROCHLORIDE,,
OLIPUDASE ALFA-RPCP,,
SULFISOXAZOLE,,
VALBENAZINE,,
TELITHROMYCIN,,
CIMETIDINE HYDROCHLORIDE,,
ADUCANUMAB-AVWA,,
ANISOTROPINE METHYLBROMIDE,,
PRAZEPAM,,
CRIZOTINIB,,
PHENYLEPHRINE BITARTRATE,,
METRONIDAZOLE HYDROCHLORIDE,,
TERLIPRESSIN ACETATE,,
METHACHOLINE CHLORIDE,,
SALMETEROL XINAFOATE,,
ABATACEPT,,
TRASTUZUMAB-DTTB,,
LINAGLIPTIN,,
LOXAPINE,,
DIHYDROCODEINE BITARTRATE,,
INSULIN DEGLUDEC,,
DOXYLAMINE SUCCINATE,,
CYCLOPENTOLATE HYDROCHLORIDE,,
PRABOTULINUMTOXINA-XVFS,,
MEFENAMIC ACID,,
CARBENICILLIN INDANYL SODIUM,,
DESIRUDIN RECOMBINANT,,
TOBRAMYCIN,,
HYDROCORTISONE BUTYRATE,,
CLORAZEPATE DIPOTASSIUM,,
CORTICOTROPIN-ZINC HYDROXIDE,,
MESTRANOL,,
TRYPAN BLUE,,
METOLAZONE,,
CHLORPROMAZINE,,
CLEMASTINE FUMARATE,,
MARGETUXIMAB-CMKB,,
ASENAPINE MALEATE,,
ALBIGLUTIDE,,
ACETYLCYSTEINE,,
LEVALBUTEROL TARTRATE,,
TEZEPELUMAB-EKKO,,
DURVALUMAB,,
DROMOSTANOLONE PROPIONATE,,
BETAMETHASONE BENZOATE,,
METHICILLIN SODIUM,,
AMINOCAPROIC ACID,,
SPESOLIMAB-SBZO,,
HYDROCORTISONE PROBUTATE,,
ISOPROPAMIDE IODIDE,,
CENEGERMIN-BKBJ,,
PERAMPANEL,,
ADAGRASIB,,
TACRINE HYDROCHLORIDE,,
CARBON DIOIDE,,
DEXAMETHASONE ACETATE,,
METHYLENE BLUE,,
ETHACRYNIC ACID,,
PROBENECID,,
RANIBIZUMAB-EQRN,,
FARICIMAB-SVOA,,
Nevirapine,,
AZATADINE MALEATE,,
BENZPHETAMINE HYDROCHLORIDE,,
IODOHIPPURATE SODIUM I-131,,
HYDROCORTAMATE HYDROCHLORIDE,,
TRIENTINE HYDROCHLORIDE,,
NINTEDANIB ESYLATE,,
PROPYLTHIOURACIL,,
IODIPAMIDE SODIUM,,
SAQUINAVIR MESYLATE,,
NIVOLUMAB,,
GANAXOLONE,,
MERSALYL SODIUM,,
URACIL MUSTARD,,
IOCETAMIC ACID,,
CYTARABINE,,
AVOBENZONE,,
SUMATRIPTAN SUCCINATE,,
ETIDOCAINE HYDROCHLORIDE,,
PORFIMER SODIUM,,
COBICISTAT,,
BENZNIDAZOLE,,
ILOPERIDONE,,
CEFIXIME,,
OMADACYCLINE TOSYLATE,,
MENADIOL SODIUM DIPHOSPHATE,,
ETHIONAMIDE,,
ABEMACICLIB,,
CHLORPHENESIN CARBAMATE,,
ETANERCEPT,,
ZINC OXIDE,,
DIPYRIDAMOLE,,
RESCINNAMINE,,
CANDICIDIN,,
UREA C-13,,
ASENAPINE,,
EMEDASTINE DIFUMARATE,,
SILODOSIN,,
CEPHALEXIN HYDROCHLORIDE,,
FLAVOXATE HYDROCHLORIDE,,
PINACIDIL,,
SPIRAPRIL HYDROCHLORIDE,,
LOPINAVIR,,
HEPARIN SODIUM,,
ZIV-AFLIBERCEPT,,
PEMIGATINIB,,
LAPYRIUM CHLORIDE,,
GENTIAN VIOLET,,
MEBUTAMATE,,
ATORVASTATIN CALCIUM,,
GIVOSIRAN SODIUM,,
GADOTERATE MEGLUMINE,,
"GRISEOFULVIN, MICROCRYSTALLINE",,
LONAPEGSOMATROPIN-TCGD,,
LEVOCETIRIZINE DIHYDROCHLORIDE,,
DIFLUPREDNATE,,
LORATADINE,,
"SODIUM PHOSPHATE, MONOBASIC, ANHYDROUS",,
DAPIPRAZOLE HYDROCHLORIDE,,
IDARUBICIN HYDROCHLORIDE,,
FOSAPREPITANT DIMEGLUMINE,,
GADOPENTETATE DIMEGLUMINE,,
TAZOBACTAM SODIUM,,
CETIRIZINE HYDROCHLORIDE,,
INDAPAMIDE,,
VITAMIN K,,
PERFLUTREN,,
SELENOMETHIONINE SE-75,,
Nitrogen,,
AMINOLEVULINIC ACID HYDROCHLORIDE,,
IBANDRONATE SODIUM,,
ODEVIXIBAT,,
EMAPALUMAB-LZSG,,
GADODIAMIDE,,
TECHNETIUM TC-99M TETROFOSMIN KIT,,
THEOPHYLLINE,,
PHOSPHORIC ACID,,
VALDECOXIB,,
DESVENLAFAXINE,,
FLUCICLOVINE F-18,,
"IVACAFTOR, TEZACAFTOR",,
ASPIRIN,,
CHLOROTHIAZIDE SODIUM,,
PROPANTHELINE BROMIDE,,
CALCIUM CHLORIDE,,
OXYTETRACYCLINE HYDROCHLORIDE,,
PATISIRAN SODIUM,,
TRALOKINUMAB,,
DIMETHYL SULFOXIDE,,
PENTAGASTRIN,,
SILVER SULFADIAZINE,,
HYDROCORTISONE ACETATE,,
VARDENAFIL HYDROCHLORIDE,,
CARGLUMIC ACID,,
TECHNETIUM TC-99M POLYPHOSPHATE KIT,,
DIATRIZOATE SODIUM,,
FELODIPINE,,
INTERFERON BETA-1A,,
SACUBITRIL,,
ALVIMOPAN,,
BENZOYL PEROXIDE,,
SOFOSBUVIR,,
TASIMELTEON,,
POLYETHYLENE GLYCOL 3350,,
INEBILIZUMAB-CDON,,
RAMELTEON,,
TESAMORELIN ACETATE,,
METHOXYFLURANE,,
OCRIPLASMIN,,
ZALCITABINE,,
PENTOSAN POLYSULFATE SODIUM,,
METRELEPTIN,,
PEGFILGRASTIM,,
PENTOLINIUM TARTRATE,,
IODIPAMIDE MEGLUMINE,,
PEGVALIASE-PQPZ,,
NIRSEVIMAB-ALIP,,
SODIUM GLUCONATE,,
RITUXIMAB-PVVR,,
TECHNETIUM TC-99M SODIUM PERTECHNETATE GENERATOR,,
"NITROGEN, NF",,
THIETHYLPERAZINE MALATE,,
RIFAPENTINE,,
FERRIC OXYHYDROXIDE,,
DICLOXACILLIN SODIUM,,
PHYTONADIONE,,
OXAMNIQUINE,,
AMIFAMPRIDINE PHOSPHATE,,
SINECATECHINS,,
DAPTOMYCIN,,
CHLORPHENIRAMINE POLISTIREX,,
SORAFENIB TOSYLATE,,
BROMFENAC SODIUM,,
OMEGA-3-ACID ETHYL ESTERS TYPE A,,
TECHNETIUM TC-99M SULFUR COLLOID,,
NIFURTIMOX,,
OXYMORPHONE HYDROCHLORIDE,,
TREPROSTINIL DIOLAMINE,,
CABOZANTINIB S-MALATE,,
CYCLOTHIAZIDE,,
FLUTICASONE FUROATE,,
LULICONAZOLE,,
CHOLECALCIFEROL,,
DALTEPARIN SODIUM,,
CILOSTAZOL,,
OMIDENEPAG ISOPROPYL,,
ENALAPRILAT,,
DINUTUXIMAB,,
STERILE WATER FOR IRRIGATION,,
RALTEGRAVIR POTASSIUM,,
MYCOPHENOLIC SODIUM,,
ESTETROL,,
incobotulinumtoxinA,,
METRIZAMIDE,,
INSULIN ASPART,,
PARATHYROID HORMONE,,
PIFLUFOLASTAT F-18,,
DEFEROXAMINE MESYLATE,,
ESCITALOPRAM OXALATE,,
NIRMATRELVIR,,
VILANTEROL TRIFENATATE,,
HYDRALAZINE HYDROCHLORIDE,,
NITROGLYCERIN,,
SETMELANOTIDE ACETATE,,
PEGINESATIDE ACETATE,,
SOLIFENACIN SUCCINATE,,
GRAZOPREVIR,,
ISTRADEFYLLINE,,
FLURBIPROFEN SODIUM,,
MASOPROCOL,,
SODIUM ZIRCONIUM CYCLOSILICATE,,
VUTRISIRAN SODIUM,,
POTASSIUM SULFATE,,
OLARATUMAB,,
TEGASEROD MALEATE,,
PIRFENIDONE,,
TESTOSTERONE UNDECANOATE,,
NITROFURAZONE,,
AMPHETAMINE ASPARTATE,,
CRYPTENAMINE TANNATES,,
HEXAMINOLEVULINATE HYDROCHLORIDE,,
ERTUGLIFLOZIN,,
APROTININ,,
MEMANTINE,,
TETRACAINE,,
DAUNORUBICIN CITRATE,,
IVABRADINE HYDROCHLORIDE,,
VIOMYCIN SULFATE,,
BICTEGRAVIR SODIUM,,
POLATUZUMAB VEDOTIN-PIIQ,,
PALONOSETRON HYDROCHLORIDE,,
CEVIMELINE HYDROCHLORIDE,,
SODIUM TETRADECYL SULFATE,,
ZANAMIVIR,,
ETELCALCETIDE,,
TOBRAMYCIN SULFATE,,
THIAMYLAL SODIUM,,
ADALIMUMAB-FKJP,,
HETACILLIN POTASSIUM,,
ACALABRUTINIB MALEATE,,
GALANTAMINE HYDROBROMIDE,,
EMICIZUMAB,,
TRIAMTERENE,,
FELBAMATE,,
NELFINAVIR MESYLATE,,
VEMURAFENIB,,
ISOFLURANE,,
APREPITANT,,
TECHNETIUM TC-99M SUCCIMER,,
ESOMEPRAZOLE MAGNESIUM,,
PAFOLACIANINE SODIUM,,
THALLOUS CHLORIDE TL-201,,
OXICONAZOLE NITRATE,,
METHARBITAL,,
CEPHAPIRIN SODIUM,,
CHLORDIAZEPOXIDE,,
VELAGLUCERASE ALFA,,
CORTICORELIN OVINE TRIFLUTATE,,
ETOPOSIDE,,
INSULIN ASPART RECOMBINANT,,
AMMONIA N-13,,
PHENTERMINE HYDROCHLORIDE,,
OXYCODONE,,
ATOLTIVIMAB,,
GEMTUZUMAB OZOGAMICIN,,
MECLOCYCLINE SULFOSALICYLATE,,
OXYCODONE TEREPHTHALATE,,
BACAMPICILLIN HYDROCHLORIDE,,
POLYESTRADIOL PHOSPHATE,,
SULFAMERAZINE,,
VORINOSTAT,,
CARIPRAZINE HYDROCHLORIDE,,
NALTREXONE,,
UREA,,
CEDAZURIDINE,,
PALBOCICLIB,,
LABETALOL HYDROCHLORIDE,,
CARBOPLATIN,,
AZITHROMYCIN,,
MAVACAMTEN,,
BETAMETHASONE VALERATE,,
PEMIROLAST POTASSIUM,,
EFAVIRENZ,,
FLUOCINOLONE ACETONIDE,,
VIGABATRIN,,
EPHEDRINE HYDROCHLORIDE,,
TAFLUPROST,,
AGALSIDASE BETA,,
ERGOLOID MESYLATES,,
DEZOCINE,,
CALCIUM GLUCONATE,,
LUMATEPERONE TOSYLATE,,
MELPHALAN,,
ENASIDENIB MESYLATE,,
CETUXIMAB,,
INOTERSEN SODIUM,,
LEVALLORPHAN TARTRATE,,
MAGNESIUM SULFATE,,
OMEGA-3-CARBOXYLIC ACIDS,,
DASABUVIR SODIUM,,
ROPIVACAINE HYDROCHLORIDE,,
DYPHYLLINE,,
IOPAMIDOL,,
ALUMINUM HYDROXIDE,,
RIMEGEPANT SULFATE,,
BEXAGLIFLOZIN,,
TESTOLACTONE,,
DIETHYLSTILBESTROL DIPHOSPHATE,,
ESTRADIOL VALERATE,,
"SODIUM PHOSPHATE, MONOBASIC ANHYDROUS",,
TERIPARATIDE,,
RAUWOLFIA SERPENTINA ROOT,,
NIFEDIPINE,,
COLLAGENASE CLOSTRIDIUM HISTOLYTICUM-AAES,,
LEVAMLODIPINE MALEATE,,
BETAXOLOL HYDROCHLORIDE,,
IVABRADINE,,
TRIMETREXATE GLUCURONATE,,
EXENATIDE SYNTHETIC,,
ESTRADIOL,,
MIVACURIUM CHLORIDE,,
TERBINAFINE HYDROCHLORIDE,,
TIAGABINE HYDROCHLORIDE,,
DEFLAZACORT,,
GEMIFLOXACIN MESYLATE,,
PIMECROLIMUS,,
FOLIC ACID,,
INDIUM IN-111 PENTETATE DISODIUM,,
PEGFILGRASTIM-CBQV,,
CELLULOSE SODIUM PHOSPHATE,,
FLUNISOLIDE,,
DAUNORUBICIN,,
GATIFLOXACIN,,
DIFENOXIN HYDROCHLORIDE,,
PHENYTOIN SODIUM,,
ANISINDIONE,,
LEVOKETOCONAZOLE,,
ACARBOSE,,
REMIFENTANIL HYDROCHLORIDE,,
LASMIDITAN SUCCINATE,,
CHLORTHALIDONE,,
MANGANESE CHLORIDE TETRAHYDRATE,,
EPINEPHRINE,,
MICAFUNGIN SODIUM,,
BETAINE,,
ACETOPHENAZINE MALEATE,,
SEVELAMER CARBONATE,,
SIMETHICONE-CELLULOSE,,
LANSOPRAZOLE,,
NINTEDANIB,,
HISTRELIN ACETATE,,
FLUCYTOSINE,,
STAVUDINE,,
FLUOXYMESTERONE,,
PHENYTOIN,,
ALCAFTADINE,,
URSODIOL,,
MIDODRINE HYDROCHLORIDE,,
POMALIDOMIDE,,
BENZTHIAZIDE,,
BIVALIRUDIN,,
MINOCYCLINE HYDROCHLORIDE,,
DEXTROSE,,
SULCONAZOLE NITRATE,,
LOXAPINE HYDROCHLORIDE,,
PEGASPARGASE,,
SULFATHIAZOLE),,
FLUPHENAZINE DECANOATE,,
FOSFOMYCIN TROMETHAMINE,,
IOTHALAMATE SODIUM,,
APOMORPHINE HYDROCHLORIDE,,
SULINDAC,,
SUCRALFATE,,
FLURBIPROFEN,,
SODIUM BENZOATE,,
COSYNTROPIN,,
ASCIMINIB HYDROCHLORIDE,,
ROTIGOTINE,,
PENTETATE CALCIUM TRISODIUM,,
CLOBAZAM,,
TECLISTAMAB-CQYV,,
LEVOPROPOXYPHENE NAPSYLATE ANHYDROUS,,
OXYBUTYNIN CHLORIDE,,
CANDESARTAN CILEXETIL,,
BRINCIDOFOVIR,,
SUGAMMADEX SODIUM,,
METIPRANOLOL HYDROCHLORIDE,,
ROFLUMILAST,,
GLIMEPIRIDE,,
METHYCLOTHIAZIDE,,
BLINATUMOMAB,,
ACETYLCHOLINE CHLORIDE,,
DOLUTEGRAVIR SODIUM,,
ISOCARBOXAZID,,
FLUOCINONIDE,,
REVEFENACIN,,
DIFELIKEFALIN ACETATE,,
DEXTROAMPHETAMINE,,
METHOTREXATE SODIUM,,
ORPHENADRINE CITRATE,,
PERFLEXANE,,
ETHOPROPAZINE HYDROCHLORIDE,,
TALBUTAL,,
SOTALOL HYDROCHLORIDE,,
DIENESTROL,,
AMLODIPINE MALEATE,,
ALECTINIB HYDROCHLORIDE,,
CLOFARABINE,,
DEXRAZOXANE HYDROCHLORIDE,,
FISH OIL,,
MAGNESIUM CARBONATE,,
EFGARTIGIMOD ALFA AND HYALURONIDASE-QVFC,,
SUCCIMER,,
RILPIVIRINE HYDROCHLORIDE,,
BUMETANIDE,,
TECHNETIUM TC-99M ALBUMIN AGGREGATED KIT,,
BELINOSTAT,,
IDOXURIDINE,,
DIMERCAPROL,,
CHLOROQUINE PHOSPHATE,,
MEPHENYTOIN,,
OXYGEN,,
BUSULFAN,,
RESLIZUMAB,,
LEVONORDEFRIN,,
MEPIVACAINE HYDROCHLORIDE,,
IXABEPILONE,,
IOBENGUANE SULFATE I-123,,
MAGNESIUM TRISILICATE,,
ABCIXIMAB,,
ACETAMINOPHEN,,
WARFARIN POTASSIUM,,
AZTREONAM,,
TRAVOPROST,,
ALCOHOL,,
TOLBUTAMIDE,,
LEFAMULIN ACETATE,,
AVAPRITINIB,,
ORPHENADRINE HYDROCHLORIDE,,
FERUMOXIDES,,
CEFTAZIDIME SODIUM,,
SELEXIPAG,,
TENECTEPLASE,,
ISRADIPINE,,
UPADACITINIB,,
PEGAPTANIB SODIUM,,
VASOPRESSIN TANNATE,,
DICHLORPHENAMIDE,,
ZALEPLON,,
SACITUZUMAB GOVITECAN-HZIY,,
SODIUM CHROMATE CR-51,,
QUINESTROL,,
DORNASE ALFA,,
NIACINAMIDE,,
BETHANIDINE SULFATE,,
MITAPIVAT SULFATE,,
OLICERIDINE,,
INSULIN GLARGINE-AGLR,,
BECLOMETHASONE DIPROPIONATE,,
TECHNETIUM TC-99M MEBROFENIN KIT,,
CARMUSTINE,,
ADAPALENE,,
TRASTUZUMAB,,
PARAMETHASONE ACETATE,,
PRUCALOPRIDE SUCCINATE,,
SULFISOXAZOLE ACETYL,,
PSEUDOEPHEDRINE SULFATE,,
ISOSORBIDE MONONITRATE,,
TIPIRACIL HYDROCHLORIDE,,
FLOXURIDINE,,
TECHNETIUM TC-99M SESTAMIBI KIT,,
GADOVERSETAMIDE,,
CROFELEMER,,
ETHAMBUTOL HYDROCHLORIDE,,
ENOXACIN,,
NALMEFENE HYDROCHLORIDE,,
BETAMETHASONE DIPROPIONATE,,
INSULIN ASPART PROTAMINE RECOMBINANT,,
MEDRYSONE,,
LORACARBEF,,
CYSTEAMINE HYDROCHLORIDE,,
HALCINONIDE,,
BUCLIZINE HYDROCHLORIDE,,
MOXETUMOMAB PASUDOTOX-TDFK,,
VOSORITIDE,,
OCTREOTIDE ACETATE,,
CUPRIC SULFATE,,
ATOGEPANT,,
LEVOCABASTINE HYDROCHLORIDE,,
CERULETIDE DIETHYLAMINE,,
FERRIC MALTOL,,
PLECANATIDE,,
SARALASIN ACETATE,,
DOXACURIUM CHLORIDE,,
CEFMENOXIME HYDROCHLORIDE,,
RIOCIGUAT,,
TENAPANOR HYDROCHLORIDE,,
KETOTIFEN FUMARATE,,
TRIAMCINOLONE HEXACETONIDE,,
CISPLATIN,,
ISOETHARINE HYDROCHLORIDE,,
PERINDOPRIL ERBUMINE,,
PERMETHRIN,,
DIMYRISTOYL LECITHIN,,
HYDROXYSTILBAMIDINE ISETHIONATE,,
MITOTANE,,
FOSTAMATINIB DISODIUM,,
DORAVIRINE,,
RABEPRAZOLE SODIUM,,
DACOMITINIB,,
SONIDEGIB PHOSPHATE,,
INFLIXIMAB-QBTX,,
OXYCODONE HYDROCHLORIDE,,
ODESIVIMAB,,
ZINC ACETATE,,
ACETOHYDROXAMIC ACID,,
VITAMIN A PALMITATE,,
TECHNETIUM TC-99M OXIDRONATE KIT,,
CARBON DIOXIDE,,
TIGECYCLINE,,
OCTOCRYLENE,,
NEBIVOLOL HYDROCHLORIDE,,
DOXAPRAM HYDROCHLORIDE,,
METHOXAMINE HYDROCHLORIDE,,
BUPIVACAINE,,
MONOMETHYL FUMARATE,,
ESOMEPRAZOLE STRONTIUM,,
TECHNETIUM TC-99M MEDRONATE KIT,,
PITAVASTATIN SODIUM,,
PIMAVANSERIN,,
LIPASE,,
FOSNETUPITANT CHLORIDE HYDROCHLORIDE,,
BUTOCONAZOLE NITRATE,,
LEVETIRACETAM,,
HETACILLIN,,
SINCALIDE,,
RIVASTIGMINE TARTRATE,,
NADOLOL,,
CEMIPLIMAB-RWLC,,
CEFDINIR,,
DEXPANTHENOL,,
BUTALBITAL,,
ISAVUCONAZONIUM SULFATE,,
LOVASTATIN,,
SPECTINOMYCIN HYDROCHLORIDE,,
EDOXABAN,,
SOMATROPIN,,
FLUOROURACIL,,
ALBUMIN IODINATED I-125 SERUM,,
BROMPHENIRAMINE MALEATE,,
MICONAZOLE,,
NAPROXEN,,
ECALLANTIDE,,
GLUCAGON HYDROCHLORIDE,,
GLASDEGIB MALEATE,,
SULFACYTINE,,
SARGRAMOSTIM,,
NALIDIXIC ACID,,
PHENOBARBITAL SODIUM,,
RISANKIZUMAB-RZAA,,
ASCORBIC ACID,,
HALOPROGIN,,
ERYTHROMYCIN ESTOLATE,,
EZETIMIBE,,
PIOGLITAZONE HYDROCHLORIDE,,
SERTACONAZOLE NITRATE,,
INSULIN RECOMBINANT HUMAN,,
DISOPYRAMIDE PHOSPHATE,,
AZITHROMYCIN DIHYDRATE,,
BICALUTAMIDE,,
AMMONIUM LACTATE,,
TRIMIPRAMINE MALEATE,,
BELIMUMAB,,
GLUCARPIDASE,,
IRBESARTAN: HYDROCHLOROTHIAZIDE,,
IODINE POVACRYLEX,,
INDINAVIR SULFATE,,
TRETINOIN,,
BEDAQUILINE FUMARATE,,
INSULIN LISPRO PROTAMINE RECOMBINANT,,
ABACAVIR,,
IBREXAFUNGERP CITRATE,,
DIDANOSINE,,
LIRAGLUTIDE RECOMBINANT,,
FLUPHENAZINE ENANTHATE,,
ATROPINE SULFATE,,
PROPOXYPHENE HYDROCHLORIDE,,
TECHNETIUM TC-99M GLUCEPTATE KIT,,
AMANTADINE HYDROCHLORIDE,,
ERTAPENEM SODIUM,,
FILGRASTIM-AAFI,,
TRIPELENNAMINE HYDROCHLORIDE,,
METHANTHELINE BROMIDE,,
PEMETREXED,,
MEROPENEM,,
TELAVANCIN,,
ADALIMUMAB,,
TAFENOQUINE SUCCINATE,,
LUCINACTANT,,
ERDAFITINIB,,
TROLEANDOMYCIN,,
AMISULPRIDE,,
ATAZANAVIR SULFATE,,
THALIDOMIDE,,
COLCHICINE,,
INDACATEROL MALEATE,,
FENOFIBRIC ACID,,
SODIUM IODIDE I-131,,
TISOTUMAB VEDOTIN-TFTV,,
TBO-FILGRASTIM,,
CRIZANLIZUMAB-TMCA,,
DARUNAVIR ETHANOLATE,,
DINOPROSTONE,,
VANDETANIB,,
PHENOXYBENZAMINE HYDROCHLORIDE,,
POTASSIUM BITARTRATE,,
SULFAMETER,,
TERBUTALINE SULFATE,,
ROLAPITANT HYDROCHLORIDE,,
ELOTUZUMAB,,
HYALURONIDASE-OYSK,,
PROCYCLIDINE HYDROCHLORIDE,,
SODIUM CITRATE,,
PHENDIMETRAZINE TARTRATE,,
ALCLOMETASONE DIPROPIONATE,,
MOXALACTAM DISODIUM,,
PHENTOLAMINE MESYLATE,,
ELUXADOLINE,,
TECHNETIUM TC-99M APCITIDE,,
LUMEFANTRINE,,
DIFLORASONE DIACETATE,,
SELEGILINE,,
CERITINIB,,
DRONEDARONE,,
AMPHETAMINE ASPARTATE MONOHYDRATE,,
AMIODARONE HYDROCHLORIDE,,
VABORBACTAM,,
SEVOFLURANE,,
ZAVEGEPANT HYDROCHLORIDE,,
PERTUZUMAB,,
ALBUTEROL SULFATE,,
ETIDRONATE DISODIUM,,
ELVITEGRAVIR,,
IPRATROPIUM BROMIDE,,
DUPILUMAB,,
NORTRIPTYLINE HYDROCHLORIDE,,
OXAPROZIN,,
DABRAFENIB MESYLATE,,
TRIMETHOPRIM SULFATE,,
SACROSIDASE,,
TRIPROLIDINE HYDROCHLORIDE,,
NETARSUDIL DIMESYLATE,,
PRILOCAINE,,
TOREMIFENE CITRATE,,
SULBACTAM SODIUM,,
IOFETAMINE HYDROCHLORIDE I-123,,
CANAGLIFLOZIN,,
QUETIAPINE FUMARATE,,
METOPROLOL FUMARATE,,
BRODALUMAB,,
AVELUMAB,,
OXCARBAZEPINE,,
PHENYLBUTAZONE,,
TELAPREVIR,,
CEFDITOREN PIVOXIL,,
AMINOSALICYLIC ACID,,
ADALIMUMAB-AACF,,
PROGESTERONE,,
STANOZOLOL,,
SAXAGLIPTIN HYDROCHLORIDE,,
FERUMOXSIL,,
IPILIMUMAB,,
DICLOFENAC,,
PROPIOLACTONE,,
TRASTUZUMAB-ANNS,,
ADALIMUMAB-AFZB,,
ADALIMUMAB-ADBM,,
NABUMETONE,,
LEVALBUTEROL HYDROCHLORIDE,,
NAFARELIN ACETATE,,
MACIMORELIN ACETATE,,
TELOTRISTAT ETIPRATE,,
CARBIDOPA,,
GONADORELIN HYDROCHLORIDE,,
SODIUM FLUORIDE,,
POSACONAZOLE,,
BOSENTAN,,
SEBELIPASE ALFA,,
OXYTETRACYCLINE CALCIUM,,
RAMUCIRUMAB,,
RETAPAMULIN,,
DESOXYRIBONUCLEASE,,
NUSINERSEN SODIUM,,
ETHOSUXIMIDE,,
BORTEZOMIB,,
ROMIDEPSIN,,
ARTESUNATE,,
SEGESTERONE ACETATE,,
CLOMIPRAMINE HYDROCHLORIDE,,
RIFAXIMIN,,
PREDNICARBATE,,
DUVELISIB,,
METHSCOPOLAMINE BROMIDE,,
PEMETREXED DITROMETHAMINE,,
ETOMIDATE,,
ZONISAMIDE,,
SULFADIAZINE,,
TRASTUZUMAB-DKST,,
DANTROLENE SODIUM,,
LAPATINIB DITOSYLATE,,
METHYL AMINOLEVULINATE HYDROCHLORIDE,,
FEBUXOSTAT,,
ABALOPARATIDE,,
ENFORTUMAB VEDOTIN-EJFV,,
TETRAHYDROZOLINE HYDROCHLORIDE,,
MINOXIDIL,,
TRAMETINIB DIMETHYL SULFOXIDE,,
ALOGLIPTIN,,
ANGIOTENSIN II ACETATE,,
HYALURONIDASE-ZZXF,,
IXAZOMIB CITRATE,,
TEPLIZUMAB-MZWV,,
ROSUVASTATIN ZINC,,
BRENTUXIMAB VEDOTIN,,
HEXOCYCLIUM METHYLSULFATE,,
CORTICOTROPIN,,
TECHNETIUM TC-99M EXAMETAZIME KIT,,
NISOLDIPINE,,
HALOBETASOL PROPIONATE,,
FINGOLIMOD LAURYL SULFATE,,
FERRIC PYROPHOSPHATE CITRATE,,
FINAFLOXACIN,,
IPODATE CALCIUM,,
RANIBIZUMAB-NUNA,,
ALPELISIB,,
ATROPINE,,
"NITROFURANTOIN, MACROCRYSTALLINE",,
TIMOLOL MALEATE,,
OLIVE OIL,,
TRIPLE SULFA (SULFABENZAMIDE,,
OMEPRAZOLE,,
LACTIC ACID,,
TECHNETIUM TC-99M ETIDRONATE KIT,,
EDARAVONE,,
PEGINTERFERON ALFA-2A,,
ACRISORCIN,,
BEXAROTENE,,
GADOPICLENOL,,
SULFAPYRIDINE,,
METHDILAZINE HYDROCHLORIDE,,
DOXERCALCIFEROL,,
AVATROMBOPAG MALEATE,,
FLUTAMIDE,,
INTERFERON BETA-1B,,
CICLESONIDE,,
OTESECONAZOLE,,
IOBENGUANE I-131,,
CABOTEGRAVIR SODIUM,,
CITALOPRAM HYDROBROMIDE,,
IVERMECTIN,,
HYDROCHLOROTHIAZIDE,,
DEFERIPRONE,,
METHDILAZINE,,
MACITENTAN,,
PROCHLORPERAZINE,,
ELIGLUSTAT TARTRATE,,
POTASSIUM ACETATE,,
DESLANOSIDE,,
DYDROGESTERONE,,
CEFPODOXIME PROXETIL,,
ISATUXIMAB-IRFC,,
TILDRAKIZUMAB-ASMN,,
LEVOMILNACIPRAN,,
CHLOROQUINE HYDROCHLORIDE,,
HYALURONIDASE,,
CEFUROXIME AXETIL,,
LUSPATERCEPT-AAMT,,
MOSUNETUZUMAB-AXGB,,
DEXTROAMPHETAMINE SULFATE,,
ARBUTAMINE HYDROCHLORIDE,,
AFATINIB DIMALEATE,,
ELAGOLIX SODIUM,,
RELUGOLIX,,
ANSUVIMAB-ZYKL,,
ZOLEDRONIC ACID,,
OLANZAPINE PAMOATE,,
LEVOFLOXACIN,,
CALCITONIN SALMON,,
PENTOSTATIN,,
TAURURSODIOL,,
PEGINTERFERON ALFA-2B,,
MAGNESIUM OXYBATE,,
ACITRETIN,,
"OMBITASVIR, PARITAPREVIR, RITONAVIR",,
ANAKINRA,,
"SODIUM PHOSPHATE, DIBASIC",,
DONEPEZIL HYDROCHLORIDES,,
IMIPRAMINE PAMOATE,,
SULFAMETHIZOLE,,
IOTROLAN,,
GABAPENTIN,,
VORTIOXETINE,,
RADIUM RA-223 DICHLORIDE,,
THIORIDAZINE HYDROCHLORIDE,,
BENTIROMIDE,,
TANNIC ACID,,
THIOGUANINE,,
LUTETIUM LU 177 DOTATATE,,
FERRIC HEXACYANOFERRATE(II),,
TECHNETIUM TC-99M ALBUMIN COLLOID KIT,,
CALCIUM CARBONATE,,
MEPOLIZUMAB,,
FLUPREDNISOLONE,,
OMBITASVIR,,
RIVAROXABAN,,
DEXLANSOPRAZOLE,,
ALKAVERVIR,,
TOPOTECAN HYDROCHLORIDE,,
MILTEFOSINE,,
PIPECURONIUM BROMIDE,,
TESTOSTERONE ENANTHATE,,
BACITRACIN,,
PRAZOSIN HYDROCHLORIDE,,
FLUOROESTRADIOL F-18,,
RITUXIMAB,,
METHAZOLAMIDE,,
CEFUROXIME SODIUM,,
EPOPROSTENOL,,
NEOMYCIN SULFATE,,
"ELEXACAFTOR, IVACAFTOR, TEZACAFTOR",,
METYRAPONE,,
ZINC CHLORIDE,,
ALPROSTADIL,,
DIATRIZOATE MEGLUMINE,,
TERCONAZOLE,,
TOLAZOLINE HYDROCHLORIDE,,
CARBAMAZEPINE,,
NAPROXEN SODIUM,,
BISMUTH SUBCITRATE POTASSIUM,,
CLINDAMYCIN PHOSPHATE,,
BOCEPREVIR,,
CHLORPROMAZINE HYDROCHLORIDE,,
PIPOBROMAN,,
BIPERIDEN LACTATE,,
INSULIN GLULISINE RECOMBINANT,,
TIVOZANIB HYDROCHLORIDE,,
DIPHENOXYLATE HYDROCHLORIDE,,
TRIAMCINOLONE,,
BENZQUINAMIDE HYDROCHLORIDE,,
QUINAPRIL HYDROCHLORIDE,,
GABAPENTIN ENACARBIL,,
ALBUMIN HUMAN,,
DAPSONE,,
FOMEPIZOLE,,
CIDOFOVIR,,
BENDAMUSTINE HYDROCHLORIDE,,
RIBOFLAVIN 5'-PHOSPHATE,,
MEQUINOL,,
INGENOL MEBUTATE,,
DOXYCYCLINE HYCLATE,,
ETANERCEPT-SZZS,,
PENTAZOCINE LACTATE,,
ZOLPIDEM TARTRATE,,
ADENOSINE,,
LECANEMAB-IRMB,,
LOTEPREDNOL ETABONATE,,
Oxybutynin Chloride,,
ACEBUTOLOL HYDROCHLORIDE,,
FLUORESCEIN SODIUM,,
AMPICILLIN/AMPICILLIN TRIHYDRATE,,
BINIMETINIB,,
DIPHEMANIL METHYLSULFATE,,
NORGESTREL,,
EFLAPEGRASTIM-XNST,,
RIVASTIGMINE,,
MILNACIPRAN HYDROCHLORIDE,,
RITODRINE HYDROCHLORIDE,,
CYCLIZINE LACTATE,,
DOCETAXEL,,
PENICILLAMINE,,
IOPANOIC ACID,,
COLESEVELAM HYDROCHLORIDE,,
MUPIROCIN CALCIUM,,
PANITUMUMAB,,
SAMIDORPHAN L-MALATE,,
BACITRACIN ZINC,,
PAROMOMYCIN SULFATE,,
ALMOTRIPTAN MALATE,,
LOMITAPIDE MESYLATE,,
VOCLOSPORIN,,
ISOSORBIDE,,
MARIBAVIR,,
MECLOFENAMATE SODIUM,,
HYDROFLUMETHIAZIDE,,
CALCIFEDIOL,,
GADOBENATE DIMEGLUMINE,,
GADOXETATE DISODIUM,,
VIBEGRON,,
SULFADIAZINE SODIUM,,
SODIUM OXYBATE,,
OXALIPLATIN,,
CRISABOROLE,,
NEDOCROMIL SODIUM,,
NILUTAMIDE,,
PROPOXYCAINE HYDROCHLORIDE,,
SODIUM NITRITE,,
PROCAINE MERETHOXYLLINE,,
CHENODIOL,,
LEVODOPA,,
AMCINONIDE,,
ABAMETAPIR,,
AURANOFIN,,
ETONOGESTREL,,
TECHNETIUM TC-99M SULFUR COLLOID KIT,,
TREMELIMUMAB-ACTL,,
GEMFIBROZIL,,
MILRINONE LACTATE,,
BEPOTASTINE BESILATE,,
TRIHEXYPHENIDYL HYDROCHLORIDE,,
CELECOXIB,,
MEXILETINE HYDROCHLORIDE,,
CANGRELOR,,
PSEUDOEPHEDRINE HYDROCHLORIDE,,
OXYBENZONE,,
PROTEIN HYDROLYSATE,,
PRAMLINTIDE ACETATE,,
EDETATE CALCIUM DISODIUM,,
PRIMIDONE,,
NALTREXONE HYDROCHLORIDE,,
ONDANSETRON,,
PROTOKYLOL HYDROCHLORIDE,,
WARFARIN SODIUM,,
LAROTRECTINIB SULFATE,,
CHLORMEZANONE,,
GONADORELIN ACETATE,,
MIGLUSTAT,,
COLLAGENASE,,
TAFASITAMAB-CXIX,,
TENOFOVIR ALAFENAMIDE,,
LINEZOLID,,
CLOCORTOLONE PIVALATE,,
INDOMETHACIN,,
PHENTERMINE RESIN COMPLEX,,
DIGITOXIN,,
TRIPELENNAMINE CITRATE,,
MONTELUKAST SODIUM,,
MUPIROCIN,,
ELETRIPTAN HYDROBROMIDE,,
OMAVELOXOLONE,,
MENOTROPINS (FSH,,
ESTRONE,,
CANAKINUMAB,,
CARBACHOL,,
IDELALISIB,,
LANTHANUM CARBONATE,,
TYROSINE,,
OMEGA-3ACID ETHYL ESTERS,,
CEFTIZOXIME SODIUM,,
CLEVIDIPINE,,
PREGABALIN,,
INTERFERON GAMMA-1B,,
PEGFILGRASTIM-APGF,,
FLOTUFOLASTAT F-18 GALLIUM,,
"GRISEOFULVIN, ULTRAMICROSIZE",,
ACYCLOVIR,,
MIGLITOL,,
TRIFLUPROMAZINE,,
PHENACEMIDE,,
METHIXENE HYDROCHLORIDE,,
MOXIFLOXACIN HYDROCHLORIDE,,
HALOPERIDOL LACTATE,,
DEUCRAVACITINIB,,
TESTOSTERONE,,
FORMOTEROL FUMARATE,,
EFINACONAZOLE,,
METRIZOIC ACID,,
MORICIZINE HYDROCHLORIDE,,
ARSENIC TRIOXIDE,,
TOCILIZUMAB,,
ENCORAFENIB,,
MIGALASTAT HYDROCHLORIDE,,
"SODIUM PHOSPHATE, DIBASIC, HEPTAHYDRATE",,
ACYCLOVIR SODIUM,,
MELPHALAN HYDROCHLORIDE,,
FERROUS SULFATE,,
COLFOSCERIL PALMITATE,,
FLUOROMETHOLONE,,
ANACAULASE-BCDB,,
LEVOMEPROMAZINE,,
ERYTHROMYCIN STEARATE,,
AMIVANTAMAB-VMJW,,
BEMPEDOIC ACID,,
METHOCARBAMOL,,
TROLAMINE POLYPEPTIDE OLEATE CONDENSATE,,
GUANFACINE HYDROCHLORIDE,,
OLANZAPINE,,
LIRAGLUTIDE,,
ALLOPURINOL SODIUM,,
GALLIUM GA-68 DOTATOC,,
AVACOPAN,,
MOBOCERTINIB SUCCINATE,,
ETHYLESTRENOL,,
XENON XE-133,,
TOLCAPONE,,
CHLORPROTHIXENE,,
PROCHLORPERAZINE MALEATE,,
IDURSULFASE,,
ETHCHLORVYNOL,,
TECHNETIUM TC-99M DISOFENIN KIT,,
IOXAGLATE MEGLUMINE,,
INDIUM IN-111 PENTETREOTIDE KIT,,
TALAZOPARIB TOSYLATE,,
COCAINE HYDROCHLORIDE,,
MALATHION,,
RIZATRIPTAN BENZOATE,,
GADOFOSVESET TRISODIUM,,
PEGLOTICASE,,
GALLAMINE TRIETHIODIDE,,
METFORMIN HYDROCHLORIDE,,
RILPIVIRINE,,
RUBIDIUM CHLORIDE RB-82,,
CYANOCOBALAMIN,,
CASIMERSEN,,
LORCASERIN HYDROCHLORIDE,,
FLUTICASONE PROPIONATE,,
MEPROBAMATE,,
SELINEXOR,,
BUDESONIDE,,
TENOFOVIR DISOPROXIL FUMARATE,,
TALC,,
FERRIC DERISOMALTOSE,,
FERROUS FUMARATE,,
SIMVASTATIN,,
LACTITOL,,
AMINOSALICYLATE SODIUM,,
PERGOLIDE MESYLATE,,
AMDINOCILLIN,,
ISOFLUROPHATE,,
LEVOMETHADYL ACETATE HYDROCHLORIDE,,
CETRORELIX ACETATE,,
INSULIN GLARGINE-YFGN,,
GRANISETRON HYDROCHLORIDE,,
DESLORATADINE,,
VASOPRESSIN,,
PARGYLINE HYDROCHLORIDE,,
BREXPIPRAZOLE,,
MONOCTANOIN,,
TRICLABENDAZOLE,,
OLOPATADINE HYDROCHLORIDE,,
SARILUMAB,,
DICLOFENAC SODIUM,,
AMIFOSTINE,,
BELATACEPT,,
ZIPRASIDONE HYDROCHLORIDE,,
EPTINEZUMAB-JJMR,,
PAZOPANIB HYDROCHLORIDE,,
NALBUPHINE HYDROCHLORIDE,,
BUPIVACAINE HYDROCHLORIDE,,
TOFACITINIB CITRATE,,
TAZAROTENE,,
PEGVISOMANT,,
CLOTRIMAZOLE,,
BETAMETHASONE,,
ATOMOXETINE HYDROCHLORIDE,,